146182,Tameside,357,6006,3576006,Lawrence House,The Coach House,Dean Terrace,Park Bridge,Ashton-Under-Lyne,OL6 8AJ,Open,16/01/2019,,Independent school,Other independent school,0,1,1,11,18,Boys,None,Not applicable
142271,Oldham,353,3355,3533355,East Crompton St George's CofE School,George Street,Shaw,,Oldham,OL2 8AX,Open,,,Academy,Academy converter,1,0,0,4,11,Mixed,Church of England,Not applicable
142550,Oldham,353,2034,3532034,Mayfield Primary School,Mayfield Road,Derker,,Oldham,OL1 4LG,Open,,,Academy,Academy converter,1,0,0,3,11,Mixed,Does not apply,Not applicable
143304,Oldham,353,7013,3537013,Kingfisher Special School,Foxdenton Lane,Chadderton,,Oldham,OL9 9QR,Open,,,Special school,Academy special converter,1,0,0,4,11,Mixed,Does not apply,Not applicable
143472,Oldham,353,7012,3537012,Spring Brook Academy,Dean Street,Failsworth,,Oldham,M35 0DQ,Open,,,Special school,Academy special converter,1,1,0,4,16,Mixed,Does not apply,Not applicable
144000,Oldham,353,3007,3533007,St Anne's CofE Lydgate Primary School,Cedar Lane,Grasscroft,,Oldham,OL4 4DS,Open,,,Academy,Academy converter,1,0,0,4,11,Mixed,Church of England,Not applicable
144627,Oldham,353,4006,3534006,Co-op Academy Failsworth,Brierley Avenue,Failsworth,,Manchester,M35 9HA,Open,,,Academy,Academy sponsor led,0,1,0,11,16,Mixed,Does not apply,Non-selective
146670,Oldham,353,2024,3532024,St John's Church of England Primary School,"St Johns C of E Primary School, James Street",Failsworth,,Manchester,M35 9PY,Open,01/12/2018,,Academy,Academy sponsor led,1,0,0,3,11,Mixed,Church of England,Not applicable
146767,Oldham,353,2025,3532025,Oasis Academy Clarksfield,Grasmere Road,Clarksfield,,Oldham,OL4 1NG,Open,01/01/2019,,Academy,Academy sponsor led,1,0,0,3,11,Mixed,Does not apply,Not applicable
105765,Rochdale,354,2002,3542002,Castleton Primary School,Hillcrest Road,Castleton,,Rochdale,OL11 2QD,Open,,,Maintained school,Community school,1,0,0,3,11,Mixed,Does not apply,Not applicable
105774,Rochdale,354,2018,3542018,Norden Community Primary School,Shawfield Lane,Norden,,Rochdale,OL12 7RQ,Open,,,Maintained school,Community school,1,0,0,3,11,Mixed,Does not apply,Not applicable
105778,Rochdale,354,2025,3542025,Marland Hill Community Primary School,Roch Mills Crescent,Off Roch Valley Way,,Rochdale,OL11 4QW,Open,,,Maintained school,Community school,1,0,0,3,11,Mixed,Does not apply,Not applicable
105786,Rochdale,354,2039,3542039,Alkrington Primary School,Manor Road,Alkrington,Middleton,Manchester,M24 1JZ,Open,,,Maintained school,Community school,1,0,0,2,11,Mixed,Does not apply,Not applicable
105789,Rochdale,354,2044,3542044,Newhey Community Primary School,Hawthorn Lane,Newhey,,Rochdale,OL16 4JX,Open,,,Maintained school,Community school,1,0,0,3,11,Mixed,Does not apply,Not applicable
105791,Rochdale,354,2047,3542047,Elm Wood Primary School,Elm Street,Middleton,,Manchester,M24 2EG,Open,,,Maintained school,Community school,1,0,0,2,11,Mixed,Does not apply,Not applicable
105792,Rochdale,354,2048,3542048,Hollin Primary School,Waverley Road,Middleton,,Manchester,M24 6JG,Open,,,Maintained school,Community school,1,0,0,3,11,Mixed,Does not apply,Not applicable
105797,Rochdale,354,2062,3542062,Heap Bridge Village Primary School,Heap Brow,Heap Bridge,,Bury,BL9 7JP,Open,,,Maintained school,Community school,1,0,0,5,11,Mixed,Does not apply,Not applicable
105799,Rochdale,354,2064,3542064,Parkfield Primary School,Harold Street,Middleton,,Manchester,M24 4AF,Open,,,Maintained school,Community school,1,0,0,4,11,Mixed,Does not apply,Not applicable
105802,Rochdale,354,3002,3543002,St Edward's Church of England Primary School,Hanover Street,Castleton,,Rochdale,OL11 3AR,Open,,,Maintained school,Voluntary controlled school,1,0,0,4,11,Mixed,Church of England,Not applicable
105806,Rochdale,354,3007,3543007,"St John's VA Church of England Primary School, Thornham",Thornham Lane,Slattocks,Middleton,Manchester,M24 2SB,Open,,,Maintained school,Voluntary aided school,1,0,0,4,11,Mixed,Church of England,Not applicable
105808,Rochdale,354,3011,3543011,St Gabriel's Church of England Primary School,Tonge Roughs,Aspinall Street,Middleton,Manchester,M24 2BE,Open,,,Maintained school,Voluntary controlled school,1,0,0,3,11,Mixed,Church of England,Not applicable
105812,Rochdale,354,3016,3543016,Little Heaton Church of England Primary School,Boardman Lane,Middleton,,Manchester,M24 4PU,Open,,,Maintained school,Voluntary controlled school,1,0,0,5,11,Mixed,Church of England,Not applicable
105817,Rochdale,354,3311,3543311,"St Peter's Roman Catholic Primary School, Rochdale",Kirkway,Middleton,,Manchester,M24 1FL,Open,,,Maintained school,Voluntary aided school,1,0,0,4,11,Mixed,Roman Catholic,Not applicable
105818,Rochdale,354,3312,3543312,"St Mary's Roman Catholic Primary School, Middleton",Wood Street,Langley,Middleton,Manchester,M24 5GL,Open,,,Maintained school,Voluntary aided school,1,0,0,3,11,Mixed,Roman Catholic,Not applicable
105820,Rochdale,354,3319,3543319,"St Thomas More Roman Catholic Primary School, Middleton, Rochdale",Evesham Road,Alkrington,Middleton,Manchester,M24 1PY,Open,,,Maintained school,Voluntary aided school,1,0,0,3,11,Mixed,Roman Catholic,Not applicable
105822,Rochdale,354,3322,3543322,"St Michael's Church of England Primary School, Alkrington",Boardman Fold Road,Alkrington,St Michael's C E Primary School,Manchester,M24 1GD,Open,,,Maintained school,Voluntary aided school,1,0,0,4,11,Mixed,Church of England,Not applicable
105831,Rochdale,354,3508,3543508,"St Vincent's Roman Catholic Primary School, Rochdale",Edenfield Road,Norden,,Rochdale,OL12 7QL,Open,,,Maintained school,Voluntary aided school,1,0,0,4,11,Mixed,Roman Catholic,Not applicable
105833,Rochdale,354,3510,3543510,"St Joseph's Roman Catholic Primary School, Rochdale",Pot Hall,Wilton Grove,,Heywood,OL10 2AA,Open,,,Maintained school,Voluntary aided school,1,0,0,4,11,Mixed,Roman Catholic,Not applicable
105837,Rochdale,354,4086,3544086,Falinge Park High School,Falinge Road,Shawclough,,Rochdale,OL12 6LD,Open,,,Maintained school,Community school,0,1,0,11,16,Mixed,Does not apply,Non-selective
105844,Rochdale,354,4611,3544611,Cardinal Langley Roman Catholic High School,Rochdale Road,Middleton,,Manchester,M24 2GL,Open,,,Maintained school,Voluntary aided school,0,1,1,11,18,Mixed,Roman Catholic,Non-selective
105845,Rochdale,354,4612,3544612,St Cuthbert's RC High School,Shaw Road,Thornham,,Rochdale,OL16 4RX,Open,,,Maintained school,Voluntary aided school,0,1,0,11,16,Mixed,Roman Catholic,Non-selective
105846,Rochdale,354,5200,3545200,Crossgates Primary School,Kiln Lane,Milnrow,,Rochdale,OL16 3HB,Open,,,Maintained school,Foundation school,1,0,0,4,11,Mixed,None,Not applicable
105849,Rochdale,354,5203,3545203,"St John Fisher Roman Catholic Primary School, Rochdale",Stanycliffe Lane,Middleton,,Manchester,M24 2PB,Open,,,Maintained school,Voluntary aided school,1,0,0,4,11,Mixed,Roman Catholic,Not applicable
130507,Rochdale,354,8003,3548003,Hopwood Hall College,Middleton Campus,Rochdale Road,Middleton,Manchester,M24 6XH,Open,,,College,Further education,0,0,1,16,99,Mixed,Does not apply,Not applicable
131379,Rochdale,354,6036,3546036,Cedar Lodge School,c/o Hexagon Care Services,Unit 1 Tustin Court,Port Way,Preston,PR2 2YQ,Open,,,Special school,Other independent special school,0,1,1,11,18,Boys,None,Not applicable
135200,Rochdale,354,7013,3547013,Springside,Albert Royds Street,Rochdale,,Manchester,OL16 2SU,Open,,,Special school,Community special school,1,0,0,3,11,Mixed,Does not apply,Not applicable
135201,Rochdale,354,7014,3547014,Newlands School,Waverley Road,Middleton,,Manchester,M24 6JG,Open,,,Special school,Community special school,1,0,0,3,11,Mixed,Does not apply,Not applicable
135313,Rochdale,354,6905,3546905,St Anne's Church of England Academy,Hollin Lane,Middleton,,Manchester,M24 6XN,Open,,,Academy,Academy sponsor led,0,1,1,11,18,Mixed,Church of England,Non-selective
136257,Rochdale,354,6202,3546202,Meadows School,Egerton House,Wardle Road,Wardle,Rochdale,OL12 9EN,Open,,,Special school,Other independent special school,0,1,0,11,16,Mixed,None,Not applicable
141400,Rochdale,354,2007,3542007,Kentmere Primary Academy,Kentmere Avenue,Smallbridge,,Rochdale,OL12 9EE,Open,,,Academy,Academy sponsor led,1,0,0,3,11,Mixed,Does not apply,Not applicable
143319,Rochdale,354,4091,3544091,Middleton Technology School,Kenyon Lane,Middleton,,Manchester,M24 2GT,Open,,,Academy,Academy converter,0,1,0,11,16,Mixed,Does not apply,Non-selective
144689,Rochdale,354,5202,3545202,St James' Church of England Primary School,Crossfield Road,Wardle,,Rochdale,OL12 9JW,Open,,,Academy,Academy converter,1,0,0,4,11,Mixed,Church of England,Not applicable
144982,Rochdale,354,2010,3542010,"Alice Ingham Catholic Primary School, A Voluntary Academy",Millgate,Halifax Road,,Rochdale,OL16 2NU,Open,,,Academy,Academy sponsor led,1,0,0,5,11,Mixed,Roman Catholic,Not applicable
147941,Rochdale,354,2013,3542013,"Our Lady & St Paul's RC Primary School, A Voluntary Academy",Sutherland Road,Darnhill,,Heywood,OL10 3PD,Open,01/10/2020,,Academy,Academy sponsor led,1,0,0,3,11,Mixed,Roman Catholic,Not applicable
148436,Rochdale,354,2014,3542014,Moorhouse Academy,Crossley Street,Milnrow,,Rochdale,OL16 4DR,Open,01/04/2021,,Academy,Academy sponsor led,1,0,0,3,11,Mixed,Does not apply,Not applicable
105291,Bury,351,2013,3512013,Chantlers Primary School,Foulds Avenue,,,Bury,BL8 2SF,Open,,,Maintained school,Community school,1,0,0,3,11,Mixed,Does not apply,Not applicable
105292,Bury,351,2014,3512014,Woodbank Primary School,Woodbank Primary School     Brandlesholme Road,,,Bury,BL8 1AX,Open,,,Maintained school,Community school,1,0,0,3,11,Mixed,Does not apply,Not applicable
105293,Bury,351,2015,3512015,Chesham Primary School,Talbot Grove,,,Bury,BL9 6PH,Open,,,Maintained school,Community school,1,0,0,4,11,Mixed,Does not apply,Not applicable
105294,Bury,351,2019,3512019,Old Hall Primary School,Springside View,,,Bury,BL8 4LU,Open,,,Maintained school,Community school,1,0,0,5,11,Mixed,Does not apply,Not applicable
105295,Bury,351,2020,3512020,Lowercroft Primary School,Ashington Drive,,,Bury,BL8 2TS,Open,,,Maintained school,Community school,1,0,0,4,11,Mixed,Does not apply,Not applicable
105296,Bury,351,2025,3512025,Hazlehurst Community Primary School,Geoffrey Street,Ramsbottom,,Bury,BL0 9PQ,Open,,,Maintained school,Community school,1,0,0,5,11,Mixed,Does not apply,Not applicable
105297,Bury,351,2027,3512027,Butterstile Primary School,School Grove,Prestwich,,Manchester,M25 9RJ,Open,,,Maintained school,Community school,1,0,0,3,11,Mixed,Does not apply,Not applicable
105299,Bury,351,2029,3512029,Mersey Drive Community Primary School,Mersey Drive,Whitefield,,Manchester,M45 8LN,Open,,,Maintained school,Community school,1,0,0,3,11,Mixed,Does not apply,Not applicable
105300,Bury,351,2030,3512030,Ribble Drive Community Primary School,Ribble Drive,Whitefield,Bury,Manchester,M45 8TD,Open,,,Maintained school,Community school,1,0,0,4,11,Mixed,Does not apply,Not applicable
105305,Bury,351,2036,3512036,Cams Lane Primary School,Cams Lane,Radcliffe,,Manchester,M26 3SW,Open,,,Maintained school,Community school,1,0,0,4,11,Mixed,Does not apply,Not applicable
105306,Bury,351,2037,3512037,Heaton Park Primary School,Cuckoo Lane,Whitefield,,Manchester,M45 6TE,Open,,,Maintained school,Community school,1,0,0,2,11,Mixed,Does not apply,Not applicable
105307,Bury,351,2038,3512038,Park View Primary School,Park View Road,Prestwich,,Manchester,M25 1FA,Open,,,Maintained school,Community school,1,0,0,3,11,Mixed,Does not apply,Not applicable
105308,Bury,351,2039,3512039,Sedgley Park Community Primary School,Kings Road,Prestwich,,Manchester,M25 0HT,Open,,,Maintained school,Community school,1,0,0,3,11,Mixed,Does not apply,Not applicable
105310,Bury,351,2041,3512041,Whitefield Community Primary School,Victoria Avenue,Whitefield,,Manchester,M45 6DP,Open,,,Maintained school,Community school,1,0,0,3,11,Mixed,Does not apply,Not applicable
105311,Bury,351,2042,3512042,Holcombe Brook Primary School,Longsight Road,Holcombe Brook,,Bury,BL0 9TA,Open,,,Maintained school,Community school,1,0,0,5,11,Mixed,Does not apply,Not applicable
105313,Bury,351,2045,3512045,Chapelfield Primary School,Clough Street,Radcliffe,,Manchester,M26 1LH,Open,,,Maintained school,Community school,1,0,0,3,11,Mixed,Does not apply,Not applicable
105314,Bury,351,2046,3512046,Hollins Grundy Primary School,The Hags,Off Hollins Lane,Hollins,Bury,BL9 8AY,Open,,,Maintained school,Community school,1,0,0,4,11,Mixed,Does not apply,Not applicable
105321,Bury,351,3006,3513006,St Peter's Church of England Primary School,Whitefield Road,,,Bury,BL9 9PW,Open,,,Maintained school,Voluntary controlled school,1,0,0,2,11,Mixed,Church of England,Not applicable
105323,Bury,351,3015,3513015,St Margaret's Church of England Primary School,Heywood Road,Prestwich,,Manchester,M25 2BW,Open,,,Maintained school,Voluntary controlled school,1,0,0,4,11,Mixed,Church of England,Not applicable
105324,Bury,351,3016,3513016,Christ Church Ainsworth Church of England Primary School,Tommy Lane,Ainsworth,,Bolton,BL2 5SQ,Open,,,Maintained school,Voluntary controlled school,1,0,0,3,11,Mixed,Church of England,Not applicable
105325,Bury,351,3017,3513017,"All Saints Church of England Primary School, Stand",Rufford Drive,Whitefield,,Manchester,M45 8PL,Open,,,Maintained school,Voluntary controlled school,1,0,0,3,11,Mixed,Church of England,Not applicable
105326,Bury,351,3018,3513018,"St Andrew's Church of England Primary School, Ramsbottom",Nuttall Lane,Ramsbottom,,Bury,BL0 9JD,Open,,,Maintained school,Voluntary controlled school,1,0,0,4,11,Mixed,Church of England,Not applicable
105332,Bury,351,3303,3513303,"St Paul's Church of England Primary School, Bury",Porritt Street,Via Huntley Mount Road,,Bury,BL9 6LJ,Open,,,Maintained school,Voluntary aided school,1,0,0,5,11,Mixed,Church of England,Not applicable
105334,Bury,351,3320,3513320,"Guardian Angels Roman Catholic Primary School, Bury",Leigh Lane,Elton,,Bury,BL8 2RH,Open,,,Maintained school,Voluntary aided school,1,0,0,3,11,Mixed,Roman Catholic,Not applicable
105335,Bury,351,3324,3513324,"St Marie's Roman Catholic Primary School, Bury",Edward Street,The Mosses,,Bury,BL9 0RZ,Open,,,Maintained school,Voluntary aided school,1,0,0,3,11,Mixed,Roman Catholic,Not applicable
105338,Bury,351,3330,3513330,Emmanuel Holcombe Church of England Primary School,Helmshore Road,Holcombe,,Bury,BL8 4PA,Open,,,Maintained school,Voluntary aided school,1,0,0,4,11,Mixed,Church of England,Not applicable
105340,Bury,351,3332,3513332,"St Mary's Church of England Primary School, Hawkshaw",Bolton Road,Hawkshaw,St Mary's Ce Primary School,"Bolton Road, Hawkshaw, Bury",BL8 4JL,Open,,,Maintained school,Voluntary aided school,1,0,0,4,11,Mixed,Church of England,Not applicable
105355,Bury,351,4007,3514007,The Derby High School,Radcliffe Road,Redvales,Radcliffe Road,Lancs,BL9 9NH,Open,,,Maintained school,Community school,0,1,0,11,16,Mixed,Does not apply,Non-selective
105368,Bury,351,5200,3515200,Peel Brow School,Fir Street,Ramsbottom,,Bury,BL0 0BJ,Open,,,Maintained school,Foundation school,1,0,0,3,11,Mixed,None,Not applicable
105369,Bury,351,6000,3516000,Bury Catholic Preparatory School,Arden House,Manchester Road,,Bury,BL9 9BH,Open,,,Independent school,Other independent school,1,0,0,3,11,Mixed,None,Non-selective
105372,Bury,351,6007,3516007,Darul Uloom Al Arabiya Al Islamiya,Holcombe Hall,Holcombe Old Road,Holcombe,Nr. Bury,BL8 4NG,Open,,,Independent school,Other independent school,0,1,1,11,23,Boys,Islam,Not applicable
105997,Bury,351,6012,3516012,Prestwich Preparatory School,400 Bury Old Road,Prestwich,,Manchester,M25 1PZ,Open,,,Independent school,Other independent school,1,0,0,2,11,Mixed,None,Not applicable
134195,Bury,351,4005,3514005,Manchester Mesivta School,Beechwood,Charlton Avenue,,Prestwich,M25 0PH,Open,,,Maintained school,Voluntary aided school,0,1,0,11,16,Boys,Jewish,Non-selective
136661,Bury,351,5201,3515201,Yesoiday Hatorah Boys Academy,Sedgley Park Road,Prestwich,,Manchester,M25 0JW,Open,,,Academy,Academy converter,1,0,0,3,11,Boys,Jewish,Non-selective
139999,Bury,351,2001,3512001,Radcliffe Primary School,Coronation Road,Radcliffe,,Manchester,M26 3RD,Open,,,Academy,Academy sponsor led,1,0,0,3,11,Mixed,Does not apply,Not applicable
140486,Bury,351,6003,3516003,Woodlands School,Pearce House,80 Cawdor Street,,Eccles,M30 0QF,Open,,,Special school,Other independent special school,1,1,0,6,14,Mixed,None,Not applicable
141673,Bury,351,2003,3512003,Gorsefield Primary School,Robertson Street,Radcliffe,,Manchester,M26 4DW,Open,,,Academy,Academy sponsor led,1,0,0,3,11,Mixed,Does not apply,Not applicable
143646,Bury,351,6006,3516006,Pennine House School,Pennine House,Fairfield General Hospital,Rochdale Old Road,Bury,BL9 7TD,Open,,,Independent school,Other independent school,0,1,1,13,18,Mixed,None,Not applicable
144408,Bury,351,3333,3513333,Christ Church CofE Primary School,Church Street,Walshaw,,Bury,BL8 3AX,Open,,,Academy,Academy converter,1,0,0,3,11,Mixed,Church of England,Not applicable
144575,Bury,351,2033,3512033,Higher Lane Primary School,Egerton Road,Whitefield,,Manchester,M45 7EX,Open,,,Academy,Academy converter,1,0,0,4,11,Mixed,Does not apply,Not applicable
145560,Bury,351,2008,3512008,"St John's Church of England Primary School, Radcliffe",Johnson Street,Radcliffe,,Manchester,M26 1AW,Open,,,Academy,Academy sponsor led,1,0,0,3,11,Mixed,Church of England,Not applicable
146529,Bury,351,4020,3514020,Tottington High School,Laurel Street,Tottington,,Bury,BL8 3LY,Open,01/11/2018,,Academy,Academy converter,0,1,0,11,16,Mixed,Does not apply,Non-selective
146891,Bury,351,7011,3517011,Elms Bank,Ripon Avenue,Whitefield,,Bury,M45 8PJ,Open,01/04/2019,,Special school,Academy special converter,0,1,1,11,19,Mixed,Does not apply,Not applicable
146932,Bury,351,2050,3512050,Unsworth Primary School,Blackley Close,Unsworth,,Bury,BL9 8LY,Open,01/04/2019,,Academy,Academy converter,1,0,0,4,11,Mixed,Does not apply,Not applicable
146996,Bury,351,3022,3513022,Wesley Methodist Primary School,Forth Road,Radcliffe,,Manchester,M26 4PX,Open,01/07/2019,,Academy,Academy converter,1,0,0,4,11,Mixed,Methodist,Not applicable
147159,Bury,351,2011,3512011,Radcliffe Hall Church of England Methodist  Primary School,Bury Street,Radcliffe,,Manchester,M26 2GB,Open,01/06/2019,,Academy,Academy sponsor led,1,0,0,3,11,Mixed,Church of England,Not applicable
147227,Bury,351,2016,3512016,Yesoiday Hatorah Girls Academy,Sedgley Park Road,Prestwich,,Manchester,M25 0JW,Open,01/08/2019,,Academy,Academy converter,1,0,0,3,11,Girls,Jewish,Non-selective
147551,Bury,351,2035,3512035,Tottington Primary School,Moorside Road,Tottington,,Bury,BL8 3HR,Open,01/11/2019,,Academy,Academy converter,1,0,0,3,11,Mixed,Does not apply,Not applicable
147883,Bury,351,4002,3514002,The Heys School,Heys Road,Prestwich,,Manchester,M25 1JZ,Open,01/06/2020,,Academy,Academy sponsor led,0,1,0,11,16,Mixed,Does not apply,Non-selective
148050,Bury,351,4006,3514006,"St Monica's RC High School, a Voluntary Academy",Bury Old Road,Prestwich,,Manchester,M25 1JH,Open,01/08/2020,,Academy,Academy sponsor led,0,1,0,11,16,Mixed,Roman Catholic,Non-selective
148097,Bury,351,4026,3514026,Woodhey High School,Bolton Road West,Ramsbottom,,Bury,BL0 9QZ,Open,01/10/2020,,Academy,Academy converter,0,1,0,11,16,Mixed,Does not apply,Non-selective
148325,Bury,351,2017,3512017,Summerseat Methodist Primary School,Rowlands Road,Summerseat,,Bury,BL9 5NF,Open,01/12/2020,,Academy,Academy sponsor led,1,0,0,4,11,Mixed,Methodist,Not applicable
105150,Bolton,350,2005,3502005,Castle Hill Primary School,Castle Hill Street,Tonge Moor,,Bolton,BL2 2JT,Open,,,Maintained school,Community school,1,0,0,3,11,Mixed,Does not apply,Not applicable
105156,Bolton,350,2016,3502016,High Lawn Primary School,Holden Avenue,Sharples,,Bolton,BL1 7EX,Open,,,Maintained school,Community school,1,0,0,2,11,Mixed,Does not apply,Not applicable
105157,Bolton,350,2017,3502017,Johnson Fold Community Primary School,Worston Avenue,Johnson Fold,,Bolton,BL1 5UG,Open,,,Maintained school,Community school,1,0,0,2,11,Mixed,Does not apply,Not applicable
105159,Bolton,350,2019,3502019,Markland Hill Primary School,Markland Hill,Heaton,,Bolton,BL1 5EJ,Open,,,Maintained school,Community school,1,0,0,4,11,Mixed,Does not apply,Not applicable
105168,Bolton,350,2035,3502035,Haslam Park Primary School,Wigan Road,,,Bolton,BL3 5QL,Open,,,Maintained school,Community school,1,0,0,4,11,Mixed,Does not apply,Not applicable
105169,Bolton,350,2036,3502036,Ladybridge Community Primary School,Broadford Road,Deane,,Bolton,BL3 4NB,Open,,,Maintained school,Community school,1,0,0,5,11,Mixed,Does not apply,Not applicable
105182,Bolton,350,2056,3502056,Highfield Primary School,Marsh Lane,Farnworth,,Bolton,BL4 0AP,Open,,,Maintained school,Community school,1,0,0,4,11,Mixed,Does not apply,Not applicable
105186,Bolton,350,2061,3502061,Kearsley West Primary School,Primrose Street,Kearsley,,Bolton,BL4 9BZ,Open,,,Maintained school,Community school,1,0,0,3,11,Mixed,Does not apply,Not applicable
105187,Bolton,350,2062,3502062,Cherry Tree Primary School,Highfield Road,Farnworth,,Bolton,BL4 0NS,Open,,,Maintained school,Community school,1,0,0,4,11,Mixed,Does not apply,Not applicable
105189,Bolton,350,2065,3502065,Hardy Mill Primary School,Hardy Mill Road,Harwood,,Bolton,BL2 4EF,Open,,,Maintained school,Community school,1,0,0,3,11,Mixed,Does not apply,Not applicable
105190,Bolton,350,2066,3502066,Mytham Primary School,Mytham Road,Little Lever,,Bolton,BL3 1JG,Open,,,Maintained school,Community school,1,0,0,2,11,Mixed,Does not apply,Not applicable
105191,Bolton,350,2067,3502067,Blackrod Primary School,Manchester Road,Blackrod,,Bolton,BL6 5SY,Open,,,Maintained school,Community school,1,0,0,4,11,Mixed,Does not apply,Not applicable
105192,Bolton,350,2068,3502068,Egerton Primary School,Cox Green Road,Egerton,,Bolton,BL7 9RE,Open,,,Maintained school,Community school,1,0,0,5,11,Mixed,Does not apply,Not applicable
105195,Bolton,350,2073,3502073,Claypool Primary School,Salisbury Road,Horwich,,Bolton,BL6 6LN,Open,,,Maintained school,Community school,1,0,0,4,11,Mixed,Does not apply,Not applicable
105196,Bolton,350,2075,3502075,Spindle Point Primary School,Moss Lane,Kearsley,,Bolton,BL4 8SE,Open,,,Maintained school,Community school,1,0,0,3,11,Mixed,Does not apply,Not applicable
105199,Bolton,350,2079,3502079,Washacre Primary School,Clough Avenue,Westhoughton,,Bolton,BL5 2NJ,Open,,,Maintained school,Community school,1,0,0,2,11,Mixed,Does not apply,Not applicable
105202,Bolton,350,2083,3502083,Eatock Primary School,St George's Avenue,Daisy Hill,Westhoughton,Bolton,BL5 2ER,Open,,,Maintained school,Community school,1,0,0,3,11,Mixed,Does not apply,Not applicable
105203,Bolton,350,3000,3503000,"St Mary's CofE Primary School, Deane",Edale Road,Deane,St Mary's CE Primary School,Bolton,BL3 4QP,Open,,,Maintained school,Voluntary controlled school,1,0,0,2,11,Mixed,Church of England,Not applicable
105209,Bolton,350,3021,3503021,"St James CofE Primary School, Daisy Hill",Hindley Road,Daisy Hill,Westhoughton,Bolton,BL5 2JU,Open,,,Maintained school,Voluntary controlled school,1,0,0,3,11,Mixed,Church of England,Not applicable
105219,Bolton,350,3315,3503315,Holy Infant and St Anthony RC Primary School,Mitre Street,Astley Bridge,,Bolton,BL1 6QJ,Open,,,Maintained school,Voluntary aided school,1,0,0,5,11,Mixed,Roman Catholic,Not applicable
105220,Bolton,350,3316,3503316,St Columba's RC Primary School,Ripley Street,Tonge Moor,,Bolton,BL2 3AR,Open,,,Maintained school,Voluntary aided school,1,0,0,3,11,Mixed,Roman Catholic,Not applicable
105221,Bolton,350,3317,3503317,St Thomas of Canterbury RC School,Eastbourne Grove,Heaton,,Bolton,BL1 5LH,Open,,,Maintained school,Voluntary aided school,1,0,0,4,11,Mixed,Roman Catholic,Not applicable
105222,Bolton,350,3319,3503319,St Ethelbert's RC Primary School,Melbourne Road,Deane,Melbourne Road,Bolton,BL3 5RL,Open,,,Maintained school,Voluntary aided school,1,0,0,3,11,Mixed,Roman Catholic,Not applicable
105230,Bolton,350,3337,3503337,"St Bernard's RC Primary School, Bolton",Wendover Drive,Ladybridge,,Bolton,BL3 4RX,Open,,,Maintained school,Voluntary aided school,1,0,0,4,11,Mixed,Roman Catholic,Not applicable
105232,Bolton,350,3341,3503341,Walmsley CofE Primary School,Blackburn Road,Egerton,,Bolton,BL7 9SA,Open,,,Maintained school,Voluntary aided school,1,0,0,4,11,Mixed,Church of England,Not applicable
105233,Bolton,350,3344,3503344,Horwich Parish CofE Primary School,Church Street,Horwich,,Bolton,BL6 6AA,Open,,,Maintained school,Voluntary aided school,1,0,0,4,11,Mixed,Church of England,Not applicable
105234,Bolton,350,3345,3503345,St Thomas CofE Primary School,Molyneux Road,Westhoughton,,Bolton,BL5 3HP,Open,,,Maintained school,Voluntary aided school,1,0,0,3,11,Mixed,Church of England,Not applicable
105236,Bolton,350,3348,3503348,"St Andrew's CofE Primary School, Over Hulton",Crescent Avenue,Over Hulton,,Bolton,BL5 1EN,Open,,,Maintained school,Voluntary aided school,1,0,0,4,11,Mixed,Church of England,Not applicable
105237,Bolton,350,3349,3503349,St Bartholomew's CofE Primary School,The Fairways,Westhoughton,,Bolton,BL5 3NZ,Open,,,Maintained school,Voluntary aided school,1,0,0,5,11,Mixed,Church of England,Not applicable
105238,Bolton,350,3351,3503351,All Saints CofE Primary School,Devon Street,Farnworth,"Devon Street, Farnworth",Bolton,BL4 7PY,Open,,,Maintained school,Voluntary aided school,1,0,0,2,11,Mixed,Church of England,Not applicable
105245,Bolton,350,3362,3503362,Our Lady of Lourdes RC Primary School,Beech Avenue,Farnworth,,Bolton,BL4 0BP,Open,,,Maintained school,Voluntary aided school,1,0,0,3,11,Mixed,Roman Catholic,Not applicable
105246,Bolton,350,3363,3503363,"St Brendan's RC Primary School, Harwood, Bolton",Brookfold Lane,Harwood,,Bolton,BL2 4DZ,Open,,,Maintained school,Voluntary aided school,1,0,0,5,11,Mixed,Roman Catholic,Not applicable
105247,Bolton,350,3364,3503364,St Teresa's RC Primary School,Redcar Road,Little Lever,,Bolton,BL3 1EN,Open,,,Maintained school,Voluntary aided school,1,0,0,4,11,Mixed,Roman Catholic,Not applicable
105248,Bolton,350,3365,3503365,"St Saviour CofE Primary School, Ringley",Fold Road,Stoneclough,Ringley,Bolton,M26 1EU,Open,,,Maintained school,Voluntary aided school,1,0,0,5,11,Mixed,Church of England,Not applicable
105276,Bolton,350,7002,3507002,Thomasson Memorial School,Devonshire Road,,,Bolton,BL1 4PJ,Open,,,Special school,Community special school,1,1,0,2,16,Mixed,Does not apply,Not applicable
105277,Bolton,350,7003,3507003,Rumworth School,Armadale Road,Ladybridge,,Bolton,BL3 4TP,Open,,,Special school,Community special school,0,1,1,11,19,Mixed,Does not apply,Not applicable
105280,Bolton,350,7007,3507007,Birtenshaw,Darwen Road,Bromley Cross,,Bolton,BL7 9AB,Open,,,Special school,Non-maintained special school,1,1,1,3,19,Mixed,Does not apply,Not applicable
105281,Bolton,350,7008,3507008,Green Fold School,Highfield Road,Farnworth,,Bolton,BL4 0NS,Open,,,Special school,Community special school,1,0,0,2,11,Mixed,Does not apply,Not applicable
130285,Bolton,350,6017,3506017,Al Jamiah  Islamiyyah,Mount St Joseph's Convent,Willows Lane,Deane,Bolton,BL3 4HE,Open,,,Independent school,Other independent school,0,1,1,11,25,Boys,None,Non-selective
133925,Bolton,350,2084,3502084,Queensbridge Primary School,St Germain Street,Farnworth,,Bolton,BL4 7BL,Open,,,Maintained school,Community school,1,0,0,3,11,Mixed,Does not apply,Not applicable
133926,Bolton,350,2085,3502085,The Gates Primary School,Bristle Hall Way,Westhoughton,,Bolton,BL5 3QA,Open,,,Maintained school,Community school,1,0,0,3,11,Mixed,Does not apply,Not applicable
133980,Bolton,350,3370,3503370,The Valley Community Primary School,Hibbert Street,Off Blackburn Road,,Bolton,BL1 8JG,Open,,,Maintained school,Community school,1,0,0,2,11,Mixed,Does not apply,Not applicable
134646,Bolton,350,4805,3504805,Ladybridge High School,New York,Junction Road,Deane,Bolton,BL3 4NG,Open,,,Maintained school,Community school,0,1,0,11,16,Mixed,Does not apply,Non-selective
137991,Bolton,350,2072,3502072,Harwood Meadows Primary School,Orchard Gardens,Harwood,,Bolton,BL2 3PS,Open,,,Academy,Academy converter,1,0,0,3,11,Mixed,Does not apply,Not applicable
138011,Bolton,350,2050,3502050,Eagley Infant School,Stonesteads Drive,Bromley Cross,,Bolton,BL7 9LN,Open,,,Academy,Academy converter,1,0,0,3,7,Mixed,Does not apply,Not applicable
138152,Bolton,350,2064,3502064,Eagley Junior School,Chapeltown Road,Bromley Cross,,Bolton,BL7 9AT,Open,,,Academy,Academy converter,1,0,0,7,11,Mixed,Does not apply,Not applicable
138399,Bolton,350,2001,3502001,The Ferns Primary Academy,Plodder Lane,Farnworth,,Bolton,BL4 0DA,Open,,,Academy,Academy sponsor led,1,0,0,3,11,Mixed,Does not apply,Not applicable
138498,Bolton,350,6001,3506001,Bolton Islamic Girls School,Weston House,Weston Street,,Bolton,BL3 2AW,Open,,,Independent school,Other independent school,0,1,0,11,16,Girls,None,Non-selective
138851,Bolton,350,3009,3503009,"St Paul's CofE Primary School, Astley Bridge",Newnham Street,Astley Bridge,,Bolton,BL1 8QA,Open,,,Academy,Academy converter,1,0,0,2,11,Mixed,Church of England,Not applicable
138957,Bolton,350,3025,3503025,"Ss Simon & Jude CofE Primary School, Bolton",Newport Road,Great Lever,,Bolton,BL3 2DT,Open,,,Academy,Academy converter,1,0,0,2,11,Mixed,Church of England,Not applicable
139776,Bolton,350,2002,3502002,The Olive Tree Primary School Bolton,Adelaide Street,Daubhill,,Bolton,BL3 3NY,Open,,,Academy,Free schools,1,0,0,4,11,Mixed,Muslim,Non-selective
141915,Bolton,350,2060,3502060,Prestolee Primary School,Church Road,Stoneclough,Radcliffe,Manchester,M26 1HJ,Open,,,Academy,Academy converter,1,0,0,3,11,Mixed,Does not apply,Not applicable
142535,Bolton,350,6003,3506003,TLG Bolton,Concorde House,2 Frederick Street,Farnworth,Bolton,BL4 9AL,Open,,,Independent school,Other independent school,0,1,0,11,16,Mixed,None,Not applicable
142766,Bolton,350,7006,3507006,Lever Park School,Stocks Park Drive,Horwich,,Bolton,BL6 6DE,Open,,,Special school,Academy special sponsor led,0,1,0,11,16,Mixed,Does not apply,Not applicable
142944,Bolton,350,3016,3503016,"St James CofE Primary School, Farnworth",Hillside Avenue,Farnworth,,Bolton,BL4 9QB,Open,,,Academy,Academy converter,1,0,0,2,11,Mixed,Church of England,Not applicable
143026,Bolton,350,6004,3506004,Raise Education and Wellbeing School,54-56 Holmeswood Road,Great Lever,,Bolton,BL3 3HS,Open,,,Special school,Other independent special school,0,1,1,11,25,Mixed,None,Not applicable
143030,Bolton,350,2081,3502081,Red Lane Primary School,Red Lane,Breightmet,,Bolton,BL2 5HP,Open,,,Academy,Academy converter,1,0,0,3,11,Mixed,Does not apply,Not applicable
143031,Bolton,350,2071,3502071,Masefield Primary School,Masefield Road,Little Lever,,Bolton,BL3 1NG,Open,,,Academy,Academy converter,1,0,0,3,11,Mixed,Does not apply,Not applicable
143772,Bolton,350,4046,3504046,Harper Green School,Harper Green Road,Farnworth,,Bolton,BL4 0DH,Open,,,Academy,Academy converter,0,1,0,11,16,Mixed,Does not apply,Non-selective
143773,Bolton,350,4501,3504501,Rivington and Blackrod High School,Rivington Lane,Horwich,,Bolton,BL6 7RU,Open,,,Academy,Academy converter,0,1,1,11,18,Mixed,Church of England,Non-selective
144044,Bolton,350,5401,3505401,Canon Slade CofE School,Bradshaw Brow,Bradshaw,,Bolton,BL2 3BP,Open,,,Academy,Academy converter,0,1,1,11,18,Mixed,Church of England,Non-selective
144045,Bolton,350,2086,3502086,St Catherine's CofE Primary School,Greenstone Avenue,Horwich,,Bolton,BL6 5SJ,Open,,,Academy,Academy converter,1,0,0,3,11,Mixed,Church of England,Not applicable
144046,Bolton,350,5400,3505400,St James's Church of England High School,Lucas Road,Farnworth,,Bolton,BL4 9RU,Open,,,Academy,Academy converter,0,1,0,11,16,Mixed,Church of England,Non-selective
145751,Bolton,350,3335,3503335,St Peter's Smithill's Dean Church of England Primary School,Limefield Road,Smithills,,Bolton,BL1 6LA,Open,,,Academy,Academy converter,1,0,0,4,11,Mixed,Church of England,Not applicable
145854,Bolton,350,2015,3502015,Tonge Moor Primary Academy,Brierwood,Tonge Moor,,Bolton,BL2 2PF,Open,01/11/2018,,Academy,Academy sponsor led,1,0,0,3,11,Mixed,Does not apply,Not applicable
146406,Bolton,350,7000,3507000,Ladywood School,Masefield Road,Little Lever,,Bolton,BL3 1NG,Open,01/10/2018,,Special school,Academy special converter,1,0,0,4,11,Mixed,Does not apply,Not applicable
146535,Bolton,350,2021,3502021,Beacon Primary School,Peter Martin Street,Horwich,,Bolton,BL6 7AL,Open,01/11/2018,,Academy,Academy sponsor led,1,0,0,2,11,Mixed,Does not apply,Not applicable
147077,Bolton,350,4004,3504004,King's Leadership Academy Bolton,Lever Edge Lane,Great Lever,,Bolton,BL3 3LA,Open,02/09/2019,,Academy,Free schools,0,1,0,11,16,Mixed,None,Non-selective
106403,Wigan,359,2009,3592009,Marsh Green Primary School,Kitt Green Road,Marsh Green,,Wigan,WN5 0EF,Open,,,Maintained school,Community school,1,0,0,2,11,Mixed,Does not apply,Not applicable
106404,Wigan,359,2010,3592010,Wigan Worsley Mesnes Community Primary School,Clifton Street,Worsley Mesnes,,Wigan,WN3 5HN,Open,,,Maintained school,Community school,1,0,0,3,11,Mixed,Does not apply,Not applicable
106407,Wigan,359,2017,3592017,Winstanley Community Primary School,Tanhouse Drive,Winstanley,,Wigan,WN3 6JP,Open,,,Maintained school,Community school,1,0,0,3,11,Mixed,Does not apply,Not applicable
106412,Wigan,359,2026,3592026,Orrell Newfold Community Primary School,St James Road,Orrell,,Wigan,WN5 7BD,Open,,,Maintained school,Community school,1,0,0,3,11,Mixed,Does not apply,Not applicable
106414,Wigan,359,2030,3592030,Abram Bryn Gates Primary School,Lily Lane,Bamfurlong,,Wigan,WN2 5JT,Open,,,Maintained school,Community school,1,0,0,4,11,Mixed,Does not apply,Not applicable
106421,Wigan,359,2039,3592039,Lowton Junior and Infant School,Newton Road,Lowton,,Warrington,WA3 2AW,Open,,,Maintained school,Foundation school,1,0,0,4,11,Mixed,None,Not applicable
106424,Wigan,359,2043,3592043,R L Hughes Primary School,Mayfield Street,Ashton-in-Makerfield,,Wigan,WN4 9QL,Open,,,Maintained school,Community school,1,0,0,3,11,Mixed,Does not apply,Not applicable
106425,Wigan,359,2045,3592045,Meadowbank Primary School & Children's Centre,Formby Avenue,Atherton,,Manchester,M46 0HX,Open,,,Maintained school,Community school,1,0,0,3,11,Mixed,Does not apply,Not applicable
106426,Wigan,359,2046,3592046,Parklee Community School,Wardour Street,Atherton,,Wigan,M46 0AR,Open,,,Maintained school,Community school,1,0,0,3,11,Mixed,Does not apply,Not applicable
106427,Wigan,359,2047,3592047,Wood Fold Primary School,Green Lane,Standish,,Wigan,WN6 0TS,Open,,,Maintained school,Community school,1,0,0,4,11,Mixed,Does not apply,Not applicable
106428,Wigan,359,2049,3592049,Lowton West Primary School,Slag Lane,Lowton,,Warrington,WA3 2ED,Open,,,Maintained school,Community school,1,0,0,4,11,Mixed,Does not apply,Not applicable
106429,Wigan,359,2050,3592050,Shevington Vale Primary School,Runshaw Avenue,Appley Bridge,,Wigan,WN6 9JP,Open,,,Maintained school,Community school,1,0,0,4,11,Mixed,Does not apply,Not applicable
106430,Wigan,359,2051,3592051,Nicol Mere School,Roman Road,Ashton-in-Makerfield,,Wigan,WN4 8DF,Open,,,Maintained school,Community school,1,0,0,4,11,Mixed,Does not apply,Not applicable
106433,Wigan,359,2058,3592058,Garrett Hall Primary School,Garrett Lane,Tyldesley,,Manchester,M29 7EY,Open,,,Maintained school,Community school,1,0,0,3,11,Mixed,Does not apply,Not applicable
106436,Wigan,359,2062,3592062,Millbrook Primary School,Elmfield,Shevington,,Wigan,WN6 8DL,Open,,,Maintained school,Community school,1,0,0,3,11,Mixed,Does not apply,Not applicable
106438,Wigan,359,3010,3593010,Bryn St Peter's CofE Primary School,Downall Green Road,Ashton-in-Makerfield,,Wigan,WN4 0DL,Open,,,Maintained school,Voluntary controlled school,1,0,0,4,11,Mixed,Church of England,Not applicable
106441,Wigan,359,3015,3593015,Hindsford CofE Primary School,Lodge Road,Atherton,,Manchester,M46 9BL,Open,,,Maintained school,Voluntary controlled school,1,0,0,4,11,Mixed,Church of England,Not applicable
106443,Wigan,359,3023,3593023,Chowbent Primary School,Laburnum Street,Atherton,,Manchester,M46 9FP,Open,,,Maintained school,Voluntary controlled school,1,0,0,4,11,Mixed,None,Not applicable
106447,Wigan,359,3029,3593029,St Mary's CofE Primary School,Wright Street,Platt Bridge,,Wigan,WN2 3NX,Open,,,Maintained school,Voluntary controlled school,1,0,0,4,11,Mixed,Church of England,Not applicable
106449,Wigan,359,3300,3593300,Wigan St Andrew's CofE Junior and Infant School,Mort Street,Springfield,,Wigan,WN6 7AU,Open,,,Maintained school,Voluntary aided school,1,0,0,4,11,Mixed,Church of England,Not applicable
106451,Wigan,359,3308,3593308,St John's CofE Primary School,Church Street,Pemberton,,Wigan,WN5 0DT,Open,,,Maintained school,Voluntary aided school,1,0,0,4,11,Mixed,Church of England,Not applicable
106482,Wigan,359,3374,3593374,St Stephen's CofE Primary School,Manchester Road,Astley,Tyldesley,Manchester,M29 7BT,Open,,,Maintained school,Voluntary aided school,1,0,0,4,11,Mixed,Church of England,Non-selective
106486,Wigan,359,3378,3593378,Lowton St Mary's CofE (Voluntary Aided) Primary School,Newton Road,Lowton,Lowton St Mary's Ce Primary School,WARRINGTON,WA3 1EW,Open,,,Maintained school,Voluntary aided school,1,0,0,3,11,Mixed,Church of England,Not applicable
106497,Wigan,359,3394,3593394,St William's Catholic Primary School,Ince Green Lane,Ince-in-Makerfield,Ince,Wigan,WN2 2DG,Open,,,Maintained school,Voluntary aided school,1,0,0,3,11,Mixed,Roman Catholic,Not applicable
106499,Wigan,359,3397,3593397,Sacred Heart RC Primary School,Lodge Lane,Hindsford,Atherton,Manchester,M46 9BN,Open,,,Maintained school,Voluntary aided school,1,0,0,4,11,Mixed,Roman Catholic,Not applicable
106504,Wigan,359,3406,3593406,Holy Family Catholic Primary School,Kendal Road,Boothstown,Worsley,Manchester,M28 1AG,Open,,,Maintained school,Voluntary aided school,1,0,0,4,11,Mixed,Roman Catholic,Not applicable
106510,Wigan,359,3415,3593415,St Ambrose Barlow Catholic Primary School,Manchester Road,Astley,Tyldesley,Manchester,M29 7DY,Open,,,Maintained school,Voluntary aided school,1,0,0,4,11,Mixed,Roman Catholic,Not applicable
106512,Wigan,359,3419,3593419,"Christ Church CofE Primary School, Pennington",West Bridgewater Street,Pennington,,Leigh,WN7 4HB,Open,,,Maintained school,Voluntary aided school,1,0,0,4,11,Mixed,Church of England,Not applicable
106515,Wigan,359,3423,3593423,"St Philip's CofE Primary School, Atherton",Bolton Old Road,Atherton,,Manchester,M46 9FD,Open,,,Maintained school,Voluntary aided school,1,0,0,4,11,Mixed,Church of England,Not applicable
106521,Wigan,359,4015,3594015,Cansfield High School,Old Road,Ashton-in-Makerfield,,Wigan,WN4 9TP,Open,,,Maintained school,Community school,0,1,0,11,16,Mixed,Does not apply,Non-selective
106525,Wigan,359,4022,3594022,Golborne High School,Lowton Road,Golborne,,Warrington,WA3 3EL,Open,,,Maintained school,Foundation school,0,1,0,11,16,Mixed,None,Non-selective
106528,Wigan,359,4026,3594026,Hindley High School,Mornington Road,Hindley,,Wigan,WN2 4LG,"Open, but proposed to close",,31/08/2021,Maintained school,Foundation school,0,1,0,11,16,Mixed,None,Non-selective
106529,Wigan,359,4027,3594027,Shevington High School,Shevington Lane,Shevington,,Wigan,WN6 8AB,Open,,,Maintained school,Community school,0,1,0,11,16,Mixed,Does not apply,Non-selective
106535,Wigan,359,4609,3594609,St John Fisher Catholic High School,Baytree Road,Springfield,,Wigan,WN6 7RN,Open,,,Maintained school,Voluntary aided school,0,1,0,11,16,Mixed,Roman Catholic,Non-selective
106537,Wigan,359,4614,3594614,St Peter's Catholic High School,Howards Lane,Orrell,,Wigan,WN5 8NU,Open,,,Maintained school,Voluntary aided school,0,1,0,11,16,Mixed,Roman Catholic,Non-selective
106538,Wigan,359,4615,3594615,St Mary's Catholic High School,Manchester Road,Astley,Tyldesley,Manchester,M29 7EE,Open,,,Maintained school,Voluntary aided school,0,1,1,11,18,Mixed,Roman Catholic,Non-selective
134297,Wigan,359,7001,3597001,"Landgate School, Bryn",Landgate Lane,Ashton-in-Makerfield,Bryn,Wigan,WN4 0EP,Open,,,Special school,Community special school,1,1,1,4,19,Mixed,Does not apply,Not applicable
135557,Wigan,359,6009,3596009,Cambian Tyldesley School,Shuttle Street,Tyldesley,Wigan,Manchester,M29 8BS,Open,,,Special school,Other independent special school,0,1,1,11,19,Mixed,None,Not applicable
138036,Wigan,359,2036,3592036,Tyldesley Primary School,Ennerdale Road,Astley Tyldesley,Tyldesley,Manchester,M29 7PY,Open,,,Academy,Academy converter,1,0,0,3,11,Mixed,Does not apply,Not applicable
138699,Wigan,359,4501,3594501,The Byrchall High School,Warrington Road,Ashton-in-Makerfield,,Wigan,WN4 9PQ,Open,,,Academy,Academy converter,0,1,0,11,16,Mixed,None,Non-selective
139300,Wigan,359,3436,3593436,Platt Bridge Community  School,Rivington Avenue,Platt Bridge,,Wigan,WN2 5NG,Open,,,Academy,Academy converter,1,0,0,2,11,Mixed,Does not apply,Not applicable
139883,Wigan,359,3357,3593357,Standish St Wilfrid's Church of England Primary Academy,Rectory Lane,Standish,,Wigan,WN6 0XB,Open,,,Academy,Academy converter,1,0,0,3,11,Mixed,Church of England,Not applicable
141641,Wigan,359,3360,3593360,"St John's Church of England Primary School, Abram",Simpkin Street,Abram,,Wigan,WN2 5QE,Open,,,Academy,Academy converter,1,0,0,4,11,Mixed,Church of England,Not applicable
141642,Wigan,359,2032,3592032,Hindley Green Community Primary School,Thomas Street,Hindley Green,,Wigan,WN2 4SS,Open,,,Academy,Academy converter,1,0,0,3,11,Mixed,Does not apply,Not applicable
141643,Wigan,359,3366,3593366,"St Peter's Church of England Primary School, Hindley",Kildare Street,Hindley,,Wigan,WN2 3HY,Open,,,Academy,Academy converter,1,0,0,4,11,Mixed,Church of England,Not applicable
141644,Wigan,359,3364,3593364,"St John's Church of England Primary School, Hindley Green",Atherton Road,Hindley Green,,Wigan,WN2 4SD,Open,,,Academy,Academy converter,1,0,0,4,11,Mixed,Church of England,Not applicable
143388,Wigan,359,2064,3592064,Orrell Lamberhead Green Academy,Kershaw Street,Orrell,,Wigan,WN5 0AW,Open,,,Academy,Academy converter,1,0,0,4,11,Mixed,Does not apply,Not applicable
143389,Wigan,359,2023,3592023,Orrell Holgate Academy,Moor Road,Orrell,,Wigan,WN5 8SJ,Open,,,Academy,Academy converter,1,0,0,4,11,Mixed,Does not apply,Not applicable
143498,Wigan,359,2015,3592015,Marus Bridge Primary School,Kelvin Grove,Marus Bridge,,Wigan,WN3 6SP,Open,,,Academy,Academy converter,1,0,0,4,11,Mixed,Does not apply,Not applicable
143812,Wigan,359,4034,3594034,Standish Community High School,Kenyon Road,Standish,,Wigan,WN6 0NX,Open,,,Academy,Academy converter,0,1,0,11,16,Mixed,Does not apply,Non-selective
144340,Wigan,359,2006,3592006,St Mark's CofE Primary School,Alexandra Street,Newtown,,Wigan,WN5 9DS,Open,,,Academy,Academy sponsor led,1,0,0,2,11,Mixed,Church of England,Not applicable
144371,Wigan,359,3429,3593429,Atherton St George's CofE Primary School,Derby Street,Atherton,,Manchester,M46 0HJ,Open,,,Academy,Academy converter,1,0,0,2,11,Mixed,Church of England,Not applicable
146399,Wigan,359,3315,3593315,St Paul's Church of England Primary School,Warrington Road,Goose Green,,Wigan,WN3 6SB,Open,01/10/2018,,Academy,Academy converter,1,0,0,4,11,Mixed,Church of England,Not applicable
146511,Wigan,359,3427,3593427,St David Haigh and Aspull CofE Primary School,Copperas Lane,Haigh,,Wigan,WN2 1PA,Open,01/11/2018,,Academy,Academy converter,1,0,0,4,11,Mixed,Church of England,Not applicable
146797,Wigan,359,4012,3594012,Dean Trust Rose Bridge,Holt Street,Ince,,Wigan,WN1 3HD,Open,01/02/2019,,Academy,Academy sponsor led,0,1,0,11,16,Mixed,None,
105897,Salford,355,2051,3552051,Wharton Primary School,Rothwell Lane,Little Hulton,Worsley,Salford,M38 9XA,Open,,,Maintained school,Community school,1,0,0,3,11,Mixed,Does not apply,Not applicable
105903,Salford,355,2059,3552059,Lewis Street Primary School,Lewis Street,Patricroft,Eccles,Manchester,M30 0PU,Open,,,Maintained school,Community school,1,0,0,3,11,Mixed,Does not apply,Not applicable
105905,Salford,355,2062,3552062,Westwood Park Community Primary School,Vaughan Street,Winton,Eccles,Manchester,M30 8DH,Open,,,Maintained school,Community school,1,0,0,3,11,Mixed,Does not apply,Not applicable
105906,Salford,355,2063,3552063,Beech Street Community Primary School,Beech Street,Winton,Eccles,Manchester,M30 8GB,Open,,,Maintained school,Community school,1,0,0,3,11,Mixed,Does not apply,Not applicable
105907,Salford,355,2065,3552065,Clifton Primary School,Wroe Street,Clifton,Swinton,Manchester,M27 6PF,Open,,,Maintained school,Community school,1,0,0,3,11,Mixed,Does not apply,Not applicable
105911,Salford,355,2072,3552072,Mesne Lea Primary School,Walkden Road,Walkden,Worsley,Manchester,M28 7FG,Open,,,Maintained school,Community school,1,0,0,3,11,Mixed,Does not apply,Not applicable
105914,Salford,355,2075,3552075,Hilton Lane Primary School,Madam's Wood Road,Little Hulton,Worsley,Manchester,M28 0JY,Open,,,Maintained school,Community school,1,0,0,3,11,Mixed,Does not apply,Not applicable
105918,Salford,355,2082,3552082,James Brindley Community Primary School,Parr Fold Avenue,Walkden,Worsley,Manchester,M28 7HE,Open,,,Maintained school,Community school,1,0,0,3,11,Mixed,Does not apply,Not applicable
105922,Salford,355,2088,3552088,North Walkden Primary School,Worsley Road North,Walkden,Worsley,Manchester,M28 3QD,Open,,,Maintained school,Community school,1,0,0,3,11,Mixed,Does not apply,Not applicable
105929,Salford,355,3008,3553008,St John's CofE Primary School,Daisy Bank Avenue,Swinton,,Manchester,M27 5FU,Open,,,Maintained school,Voluntary controlled school,1,0,0,3,11,Mixed,Church of England,Not applicable
105933,Salford,355,3030,3553030,St Andrew's CofE Primary School,Vicars Hall Lane,Boothstown,Worsley,Manchester,M28 1HS,Open,,,Maintained school,Voluntary controlled school,1,0,0,3,11,Mixed,Church of England,Not applicable
105935,Salford,355,3033,3553033,Christ Church CofE Primary School,Nelson Street,Patricroft,Eccles,Manchester,M30 0GZ,Open,,,Maintained school,Voluntary aided school,1,0,0,3,11,Mixed,Church of England,Not applicable
105937,Salford,355,3037,3553037,St Paul's CofE Primary School,Heathside Grove,Walkden,Worsley,Manchester,M28 3NZ,Open,,,Maintained school,Voluntary controlled school,1,0,0,3,11,Mixed,Church of England,Not applicable
105938,Salford,355,3039,3553039,St Andrew's Methodist Primary School,Prescott Street,Off Hilton Lane,Worsley,Manchester,M28 0ZA,Open,,,Maintained school,Voluntary controlled school,1,0,0,3,11,Mixed,Methodist,Not applicable
105940,Salford,355,3041,3553041,Wardley CofE Primary School,Moss Bank Road,Wardley,Swinton,Manchester,M27 9XB,Open,,,Maintained school,Voluntary controlled school,1,0,0,3,11,Mixed,Church of England,Not applicable
105941,Salford,355,3042,3553042,St Paul's Peel CofE Primary School,Stocksfield Drive,Little Hulton,Worsley,Manchester,M38 9RB,Open,,,Maintained school,Voluntary controlled school,1,0,0,3,11,Mixed,Church of England,Not applicable
105942,Salford,355,3043,3553043,Boothstown Methodist Primary School,6 Chapel Street,Boothstown,Worsley,Manchester,M28 1DG,Open,,,Maintained school,Voluntary controlled school,1,0,0,3,11,Mixed,Methodist,Not applicable
105945,Salford,355,3504,3553504,St Paul's CofE Primary School,Crompton Street,Walkden,St. Pauls C of E Primary School,Manchester,M28 3HP,Open,,,Maintained school,Voluntary aided school,1,0,0,3,11,Mixed,Church of England,Not applicable
105949,Salford,355,3512,3553512,St Mark's CofE Primary School,Aviary Road,Walkden,Worsley,Manchester,M28 2WF,Open,,,Maintained school,Voluntary aided school,1,0,0,3,11,Mixed,Church of England,Not applicable
105954,Salford,355,3518,3553518,St Gilbert's RC Primary School,Cambell Road,Winton,Eccles,Manchester,M30 8LZ,Open,,,Maintained school,Voluntary aided school,1,0,0,3,11,Mixed,Roman Catholic,Not applicable
105955,Salford,355,3519,3553519,St Charles' RC Primary School,Emlyn Street,Moorside Road,Swinton,Manchester,M27 9PD,Open,,,Maintained school,Voluntary aided school,1,0,0,3,11,Mixed,Roman Catholic,Not applicable
105956,Salford,355,3520,3553520,St Mark's RC Primary School,Queensway,Clifton,Swinton,Manchester,M27 8QE,Open,,,Maintained school,Voluntary aided school,1,0,0,3,11,Mixed,Roman Catholic,Not applicable
105965,Salford,355,3615,3553615,St Joseph's RC Primary School,St Joseph's Drive,Ordsall,,Salford,M5 3JP,Open,,,Maintained school,Voluntary aided school,1,0,0,3,11,Mixed,Roman Catholic,Not applicable
105970,Salford,355,3625,3553625,St Thomas of Canterbury RC Primary School,Hadfield Street,Higher Broughton,,Salford,M7 4XG,Open,,,Maintained school,Voluntary aided school,1,0,0,3,11,Mixed,Roman Catholic,Not applicable
105986,Salford,355,4616,3554616,St Patrick's RC High School,56 New Lane,Eccles,,Manchester,M30 7JJ,Open,,,Maintained school,Voluntary aided school,0,1,0,11,16,Mixed,Roman Catholic,Non-selective
105989,Salford,355,5400,3555400,St Ambrose Barlow RC High School,37 Ash Drive,Wardley,Swinton,Manchester,M27 9QP,Open,,,Maintained school,Voluntary aided school,0,1,1,11,16,Mixed,Roman Catholic,Non-selective
105991,Salford,355,6004,3556004,Branwood Preparatory School,Stafford Road,Monton,Eccles,Manchester,M30 9HN,Open,,,Independent school,Other independent school,1,0,0,3,11,Mixed,None,Not applicable
105992,Salford,355,6005,3556005,Bridgewater School,Drywood Hall,Worsley Road,Worsley,Manchester,M28 2WQ,Open,,,Independent school,Other independent school,1,1,1,3,18,Mixed,None,Not applicable
106001,Salford,355,6023,3556023,Clarendon Cottage School,Clarendon Cottage School,Ivy Bank House,Half Edge Lane,Eccles,M30 9BJ,Open,,,Independent school,Other independent school,1,0,0,2,11,Mixed,None,Non-selective
106004,Salford,355,6028,3556028,Oholei Yosef Yitzchok Lubavitch Schools,460 Bury New Rd,Salford,Lancashire,Salford,M7 4LH,Open,,,Independent school,Other independent school,1,1,1,2,17,Girls,None,Selective
130396,Salford,355,2097,3552097,Ellenbrook Community Primary School,Longwall Avenue,Ellenbrook,Worsley,Manchester,M28 7PS,Open,,,Maintained school,Community school,1,0,0,3,11,Mixed,Does not apply,Not applicable
132153,Salford,355,7029,3557029,Springwood Primary School,Barton Road,Swinton,,Salford,M27 5LP,Open,,,Special school,Community special school,1,0,0,2,11,Mixed,Does not apply,Not applicable
135071,Salford,355,6905,3556905,Salford City Academy,Northfleet Road,Peel Green,Eccles,Manchester,M30 7PQ,Open,,,Academy,Academy sponsor led,0,1,0,11,16,Mixed,Christian,Non-selective
135661,Salford,355,6906,3556906,Oasis Academy MediaCityUK,King William Street,Salford,,Manchester,M50 3UQ,Open,,,Academy,Academy sponsor led,0,1,0,11,16,Mixed,Does not apply,Non-selective
136076,Salford,355,2041,3552041,River View Community Primary School,1 Wheaters Street,Off Lower Broughton,,Salford,M7 1QZ,Open,,,Maintained school,Community school,1,0,0,3,11,Mixed,Does not apply,Not applicable
136987,Salford,355,4050,3554050,Co-op Academy Swinton,Sefton Road,Pendlebury,Swinton,Manchester,M27 6JU,Open,,,Academy,Academy converter,0,1,0,11,16,Mixed,Does not apply,Non-selective
138416,Salford,355,2000,3552000,Dukesgate Academy,Earlesdon Crescent,Little Hulton,,Salford,M38 9HF,Open,,,Academy,Academy sponsor led,1,0,0,3,11,Mixed,None,Not applicable
138698,Salford,355,4018,3554018,Beis Yaakov High School,69 Broom Lane,Bury New Road,,Salford,M7 4FF,Open,,,Academy,Academy converter,0,1,0,11,16,Girls,Jewish,Non-selective
140491,Salford,355,6001,3556001,Kerem Shloime,Gloucester House,Back Duncan Street,Salford,Salford,M7 2EY,Open,,,Independent school,Other independent school,1,0,0,3,11,Boys,None,Not applicable
143062,Salford,355,7026,3557026,Chatsworth High School and Community College,Chatsworth Road,Eccles,,Salford,M30 9DY,Open,,,Special school,Academy special converter,0,1,1,11,19,Mixed,Does not apply,Not applicable
144199,Salford,355,4039,3554039,Moorside High School,57 Deans Road,Swinton,,Manchester,M27 0AP,Open,,,Academy,Academy converter,0,1,0,11,16,Mixed,Does not apply,Non-selective
144200,Salford,355,4049,3554049,Ellesmere Park High School,Wentworth Road,Eccles,,Manchester,M30 9BP,Open,,,Academy,Academy converter,0,1,0,11,16,Mixed,Does not apply,Non-selective
144372,Salford,355,2004,3552004,St Augustine's CofE Primary School,380 Bolton Road,Pendlebury,Swinton,Manchester,M27 8UX,Open,,,Academy,Academy sponsor led,1,0,0,3,11,Mixed,Church of England,Not applicable
144459,Salford,355,2085,3552085,Barton Moss Community Primary School,Trippier Road,Peel Green,Eccles,Manchester,M30 7PT,Open,,,Academy,Academy converter,1,0,0,3,11,Mixed,Does not apply,Not applicable
146404,Salford,355,4035,3554035,Co-op Academy Walkden,Old Clough Lane,Walkden,Worsley,Manchester,M28 7JB,Open,01/12/2018,,Academy,Academy converter,0,1,0,11,16,Mixed,Does not apply,Non-selective
148393,Salford,355,4005,3554005,Harrop Fold School,Hilton Lane,Worsley,,Manchester,M28 0SY,Open,01/03/2021,,Academy,Academy sponsor led,0,1,0,11,16,Mixed,Does not apply,Non-selective
106167,Trafford,358,7503,3587503,St John Vianney School,Rye Bank Road,Firswood,Stretford,Manchester,M16 0EX,Open,,,Special school,Non-maintained special school,1,1,1,5,19,Mixed,Does not apply,Not applicable
106315,Trafford,358,2041,3582041,Urmston Primary School,Wycliffe Road,Urmston,,Manchester,M41 5AH,Open,,,Maintained school,Community school,1,0,0,3,11,Mixed,Does not apply,Not applicable
106316,Trafford,358,2042,3582042,Davyhulme Primary School,Canterbury Road,Davyhulme,,Manchester,M41 0RX,Open,,,Maintained school,Community school,1,0,0,3,11,Mixed,Does not apply,Not applicable
106318,Trafford,358,2044,3582044,Flixton Primary School,Delamere Road,Flixton,,Manchester,M41 5QL,Open,,,Maintained school,Community school,1,0,0,4,11,Mixed,Does not apply,Not applicable
106321,Trafford,358,2047,3582047,Gorse Hill Primary School,Burleigh Road,Stretford,,Manchester,M32 0PF,Open,,,Maintained school,Community school,1,0,0,3,11,Mixed,Does not apply,Not applicable
106322,Trafford,358,2049,3582049,Kings Road Primary School,Kings Road,Firswood,,Manchester,M16 0GR,Open,,,Maintained school,Community school,1,0,0,3,11,Mixed,Does not apply,Not applicable
106323,Trafford,358,2050,3582050,Moss Park Junior School,Moss Park Road,Stretford,,Manchester,M32 9HR,Open,,,Maintained school,Community school,1,0,0,7,11,Mixed,Does not apply,Not applicable
106324,Trafford,358,2051,3582051,Moss Park Infant School,Moss Park Road,Stretford,,Manchester,M32 9HR,Open,,,Maintained school,Community school,1,0,0,3,7,Mixed,Does not apply,Not applicable
106325,Trafford,358,2052,3582052,Seymour Park Community Primary School,Northumberland Road,Old Trafford,,Manchester,M16 9QE,Open,,,Maintained school,Community school,1,0,0,3,11,Mixed,Does not apply,Not applicable
106327,Trafford,358,2056,3582056,Victoria Park Junior School,Davyhulme Road East,Stretford,,Manchester,M32 0XZ,Open,,,Maintained school,Community school,1,0,0,7,11,Mixed,Does not apply,Not applicable
106328,Trafford,358,2057,3582057,Victoria Park Infant School,Henshaw Street,Stretford,,Manchester,M32 8BU,Open,,,Maintained school,Community school,1,0,0,5,7,Mixed,Does not apply,Not applicable
106329,Trafford,358,2058,3582058,Highfield Primary School,Bridgenorth Avenue,Urmston,,Manchester,M41 9PA,Open,,,Maintained school,Community school,1,0,0,3,11,Mixed,Does not apply,Not applicable
106332,Trafford,358,2061,3582061,Woodhouse Primary School,Nursery Road,Davyhulme,Urmston,Manchester,M41 7WW,Open,,,Maintained school,Community school,1,0,0,3,11,Mixed,Does not apply,Not applicable
106334,Trafford,358,2063,3582063,Kingsway Primary School,Kingsway Park,Davyhulme,Urmston,Manchester,M41 0SP,Open,,,Maintained school,Community school,1,0,0,3,11,Mixed,Does not apply,Not applicable
106346,Trafford,358,3310,3583310,Our Lady of Lourdes Catholic School,Lock Lane,Partington,,Manchester,M31 4PJ,Open,,,Maintained school,Voluntary aided school,1,0,0,3,11,Mixed,Roman Catholic,Not applicable
106349,Trafford,358,3313,3583313,St Mary's CofE Primary School,Cornhill Rd,Davyhulme,Urmston,Manchester,M41 5TJ,Open,,,Maintained school,Voluntary aided school,1,0,0,4,11,Mixed,Church of England,Not applicable
106352,Trafford,358,3318,3583318,English Martyrs' RC Primary School,Wycliffe Road,Urmston,,Manchester,M41 5AH,Open,,,Maintained school,Voluntary aided school,1,0,0,3,11,Mixed,Roman Catholic,Not applicable
106353,Trafford,358,3319,3583319,St Hugh of Lincoln RC Primary School,Glastonbury Road,Stretford,,Manchester,M32 9PD,Open,,,Maintained school,Voluntary aided school,1,0,0,3,11,Mixed,Roman Catholic,Not applicable
106355,Trafford,358,3324,3583324,St Teresa's RC Primary School,St Teresa's Road,Stretford,,Manchester,M16 0GQ,Open,,,Maintained school,Voluntary aided school,1,0,0,3,11,Mixed,Roman Catholic,Not applicable
106356,Trafford,358,3325,3583325,St Monica's RC Primary School,Woodsend Road South,Flixton,Urmston,Manchester,M41 6QB,Open,,,Maintained school,Voluntary aided school,1,0,0,3,11,Mixed,Roman Catholic,Not applicable
106358,Trafford,358,3327,3583327,Our Lady of the Rosary RC Primary School,Davyhulme Road,Davyhulme,Urmston,Manchester,M41 7DS,Open,,,Maintained school,Voluntary aided school,1,0,0,3,11,Mixed,Roman Catholic,Not applicable
106360,Trafford,358,3331,3583331,St Alphonsus RC Primary School,Hamilton Street,Off Stretford Road,Old Trafford,Manchester,M16 7PT,Open,,,Maintained school,Voluntary aided school,1,0,0,3,11,Mixed,Roman Catholic,Not applicable
106379,Trafford,358,6002,3586002,Altrincham Preparatory School,Marlborough Road,Bowdon,,Altrincham,WA14 2RR,Open,,,Independent school,Other independent school,1,0,0,2,11,Boys,None,Not applicable
106381,Trafford,358,6004,3586004,St Ambrose Prep School,Wicker Lane,Hale Barns,Altrincham,Cheshire,WA15 0HF,Open,,,Independent school,Other independent school,1,0,0,3,11,Mixed,Roman Catholic,Not applicable
106386,Trafford,358,6012,3586012,Abbotsford Preparatory School,211 Flixton Road,Urmston,Manchester,M41 5PR,M41 5PR,Open,,,Independent school,Other independent school,1,0,0,0,11,Mixed,None,Not applicable
106394,Trafford,358,7005,3587005,Delamere School,Irlam Road,Flixton,,Manchester,M41 6AP,Open,,,Special school,Community special school,1,0,0,2,11,Mixed,Does not apply,Not applicable
130519,Trafford,358,8000,3588000,Trafford College Group,Talbot Road,Stretford,,Manchester,M32 0XH,Open,,,College,Further education,0,0,1,16,99,Mixed,Does not apply,Not applicable
131885,Trafford,358,7009,3587009,Egerton High School,Kingsway Park,Urmston,,Manchester,M41 7FZ,Open,,,Special school,Community special school,0,1,0,11,16,Mixed,Does not apply,Not applicable
133284,Trafford,358,2077,3582077,St Ann's RC Primary School,Derbyshire Lane,Stretford,,Manchester,M32 8SH,Open,,,Maintained school,Voluntary aided school,1,0,0,3,11,Mixed,Roman Catholic,Not applicable
134469,Trafford,358,6018,3586018,Afifah School,86 Clifton Street,Old Trafford,,Manchester,M16 9GN,Open,,,Independent school,Other independent school,1,1,0,2,16,Mixed,Muslim,Selective
136378,Trafford,358,4016,3584016,Wellacre Technology Academy,Irlam Road,Flixton,Urmston,Manchester,M41 6AP,Open,,,Academy,Academy converter,0,1,0,11,16,Boys,None,Non-selective
136965,Trafford,358,4014,3584014,Flixton Girls School,Flixton Road,Trafford,Urmston,Manchester,M41 5DR,Open,,,Academy,Academy converter,0,1,0,11,16,Girls,None,Non-selective
138124,Trafford,358,4012,3584012,Broadoak School,Warburton Lane,Partington,,Manchester,M31 4BU,Open,,,Academy,Academy converter,0,1,0,11,16,Mixed,None,Non-selective
138134,Trafford,358,5900,3585900,Saint Ambrose College,Hale Road,Hale Barns,,Altrincham,WA15 0HE,Open,,,Academy,Academy converter,0,1,1,11,18,Boys,Roman Catholic,Selective
138614,Trafford,358,4024,3584024,Altrincham College,Green Lane,Timperley,,Altrincham,WA15 8QW,Open,,,Academy,Academy converter,0,1,1,11,18,Mixed,None,Non-selective
138654,Trafford,358,2009,3582009,Elmridge Primary School,Wilton Drive,Hale Barns,,Altrincham,WA15 0JF,Open,,,Academy,Academy converter,1,0,0,3,11,Mixed,Does not apply,Not applicable
138788,Trafford,358,2001,3582001,Forest Gate Academy,Daniel Adamson Avenue,Partington,,Manchester,M31 4PN,Open,,,Academy,Academy sponsor led,1,0,0,3,11,Mixed,Does not apply,Non-selective
138977,Trafford,358,2015,3582015,Acre Hall Primary School,Irlam Road,Flixton,Urmston,Manchester,M41 6NA,Open,,,Academy,Academy sponsor led,1,0,0,3,11,Mixed,Does not apply,Not applicable
143380,Trafford,358,2028,3582028,Partington Central Academy,Central Road,Partington,Urmston,Manchester,M31 4FL,Open,,,Academy,Academy converter,1,0,0,3,11,Mixed,Does not apply,Not applicable
144649,Trafford,358,2016,3582016,Barton Clough Primary School,Audley Avenue,Stretford,,Manchester,M32 9TG,Open,,,Academy,Academy sponsor led,1,0,0,3,11,Mixed,Does not apply,Not applicable
145746,Trafford,358,2017,3582017,Bollin Primary School,Apsley Grove,Bowdon,,Altrincham,WA14 3AH,Open,,,Academy,Academy sponsor led,1,0,0,3,11,Mixed,Does not apply,Not applicable
147372,Trafford,358,7003,3587003,Longford Park School,74 Cromwell Road,Stretford,,Manchester,M32 8QJ,Open,01/09/2019,,Special school,Academy special converter,1,0,0,4,11,Mixed,Does not apply,Not applicable
147552,Trafford,358,3316,3583316,St Hilda's CofE Primary School,Warwick Road South,Firswood,Stretford,Manchester,M16 0SH,Open,01/12/2019,,Academy,Academy converter,1,0,0,3,11,Mixed,Church of England,Not applicable
