id,retailer,fascia,store_name,add_one,add_two,town,suburb,postcode,long_wgs,lat_wgs,bng_e,bng_n,pqi,open_date,size_band,county
1010017590,Spar,Spar,Spar - Euro Garage Stretford,Circle,Audley Avenue,Manchester,Stretford,M32 9TR,-2.336584731,53.45704565,377747.7317,395640.9239,Rooftop geocoded by Geolytix,,"< 3,013 ft2 (280m2)",Greater Manchester
1010010134,The Co-operative Group,The Co-operative Food,Co-op Barton Road,422a Barton Road,Stretford,Manchester,Stretford,M32 9RW,-2.326499328,53.45474509,378416.2416,395381.8639,Rooftop geocoded by Geolytix,,"< 3,013 ft2 (280m2)",Greater Manchester
1010009283,The Co-operative Group,The Co-operative Food,Co-op Ambleside Road,1-3 Ambleside Road,Urmston,Manchester,Flixton,M41 6PL,-2.384668334,53.44393212,374547.0526,394198.165,Rooftop geocoded by Geolytix,,"< 3,013 ft2 (280m2)",Greater Manchester
1010009282,The Co-operative Group,The Co-operative Food,Co-op Woodsend Road,11 Woodsend Road,Flixton,Manchester,Flixton,M41 8QY,-2.391744732,53.44879739,374080.0024,394741.999,Rooftop geocoded by Geolytix,,"< 3,013 ft2 (280m2)",Greater Manchester
1010016066,Tesco,Tesco Express,Tesco Urmston Davyhulme Express,9D Lostock Road,,Manchester,Davyhulme,M41 0SU,-2.35597099,53.45820007,376461.1034,395775.612,Rooftop geocoded by Geolytix,20200199,"< 3,013 ft2 (280m2)",Greater Manchester
1010018586,Aldi,Aldi,Aldi Trafford Retail Park,"42 Wycombe Cl, Urmston",,Manchester,Davyhulme,M41 7ND,-2.359852285,53.46174514,376205.3797,396171.3059,Rooftop geocoded by Geolytix,20200910,"3,013 < 15,069 ft2 (280 < 1,400 m2)",Greater Manchester
1010005217,Tesco,Tesco Express,Tesco Eccles Monton Road Express,Monton Road,Eccles,Manchester,Eccles,M30 9GF,-2.350397974,53.49073977,376848.9524,399393.929,Rooftop geocoded by Geolytix,,"< 3,013 ft2 (280m2)",Greater Manchester
1010000291,Aldi,Aldi,Aldi Swinton Manchester,Swinton Hall Road,,Manchester,Swinton,M27 4BL,-2.334603116,53.51303453,377908.5724,401869.269,Rooftop geocoded by Geolytix,,"3,013 < 15,069 ft2 (280 < 1,400 m2)",Greater Manchester
1010012752,Sainsburys,Sainsburys Local,Sainsburys Flixton Woodsend Circle,Woodend Circle,,Manchester,Flixton,M41 8GY,-2.39411376,53.45280658,373925.1324,395188.899,Rooftop geocoded by Geolytix,20151112,"< 3,013 ft2 (280m2)",Greater Manchester
1010016179,Aldi,Aldi,Aldi Stadium Way Eccles,1A Stadium Way,,Manchester,Brookhouse Estate,M30 7EY,-2.378552893,53.47013376,374968.7337,397110.9989,Rooftop geocoded by Geolytix,20200423,"3,013 < 15,069 ft2 (280 < 1,400 m2)",Greater Manchester
1010002106,Marks and Spencer,Marks and Spencer Hospital,M&S WHS Royal Salford Hospital,WHS Royal Salford Hospital,Stott Lane,Manchester,Salford Quays,M6 8HD,-2.323535715,53.48827982,378629.9824,399111.819,Rooftop geocoded by Geolytix,,"< 3,013 ft2 (280m2)",Greater Manchester
1010005216,Tesco,Tesco Express,Tesco Manchester Swinton Express,656 Manchester Road,Swinton,Manchester,Swinton,M27 9RA,-2.35331065,53.5172686,376670.3424,402346.319,Rooftop geocoded by Geolytix,,"< 3,013 ft2 (280m2)",Greater Manchester
1010000294,Aldi,Aldi,Aldi Eccles Manchester,15 Albert Street,,Manchester,Eccles,M30 0LJ,-2.339613132,53.48357763,377560.7124,398593.649,Rooftop geocoded by Geolytix,,"3,013 < 15,069 ft2 (280 < 1,400 m2)",Greater Manchester
1010013065,Farmfoods,Farmfoods,Farmfoods Swinton Manchester,Unit 16 The Parade,,Manchester,Swinton,M27 4BH,-2.338465777,53.51253845,377652.1624,401815.289,Rooftop geocoded by Geolytix,,"3,013 < 15,069 ft2 (280 < 1,400 m2)",Greater Manchester
1010011050,Iceland,Iceland,Iceland Urmston,Unit 3 Golden Way,,Manchester,Urmston,M41 0NA,-2.354148514,53.44926098,376577.1724,394780.509,Rooftop geocoded by Geolytix,,"3,013 < 15,069 ft2 (280 < 1,400 m2)",Greater Manchester
1010014065,Iceland,The Food Warehouse,Iceland Trafford Food Warehouse,Unit 5 Trafford Retail Park,,Manchester,Davyhulme,M41 7FN,-2.359960913,53.46333928,376199.0633,396348.6957,Rooftop geocoded by Geolytix,,"3,013 < 15,069 ft2 (280 < 1,400 m2)",Greater Manchester
1010015965,Iceland,The Food Warehouse,Iceland Eccles Food Warehouse,Unit 10 West One Retail Park,,Manchester,Salford Quays,M50 1ZD,-2.329569975,53.48289999,378226.8252,398515.129,Rooftop geocoded by Geolytix,,"3,013 < 15,069 ft2 (280 < 1,400 m2)",Greater Manchester
1010012909,Farmfoods,Farmfoods,Farmfoods Eccles Manchester,52 Church Street,,Manchester,Eccles,M30 0DF,-2.335792286,53.48378654,377814.3724,398615.689,Rooftop geocoded by Geolytix,,"3,013 < 15,069 ft2 (280 < 1,400 m2)",Greater Manchester
1010008985,The Co-operative Group,The Co-operative Food,Co-op Worsley Rd,355 Worsley Road,Swinton,Manchester,Swinton,M27 0FJ,-2.356171807,53.50371674,376473.0865,400839.5659,Rooftop geocoded by Geolytix,,"3,013 < 15,069 ft2 (280 < 1,400 m2)",Greater Manchester
1010013323,Heron,Heron,Heron Stretford Manchester,24 King Street,Stretford Mall,Manchester,Stretford,M32 9BD,-2.309446383,53.44576878,379544.3024,394378.169,Rooftop geocoded by Geolytix,,"3,013 < 15,069 ft2 (280 < 1,400 m2)",Greater Manchester
1010017719,Spar,Spar,Spar - Euro Garage Sevenways,Sevenways Service Station,Bradfield Road,Manchester,Stretford,M32 9RH,-2.319653811,53.45056658,378868.7314,394914.9308,Rooftop geocoded by Geolytix,,"< 3,013 ft2 (280m2)",Greater Manchester
1010002390,Morrisons,Morrisons,Morrisons Swinton Manchester,49 Swinton Hall Road,Swinton,Manchester,Swinton,M27 4BT,-2.335099984,53.51375877,377876.0024,401949.999,Rooftop geocoded by Geolytix,,"15,069 < 30,138 ft2 (1,400 < 2,800 m2)",Greater Manchester
1010017570,Spar,Spar,Spar - Flixton,118-120 Woodside Road,,Manchester,Flixton,M41 8QZ,-2.392312349,53.4522881,374044.4424,395130.5567,Rooftop geocoded by Geolytix,,"< 3,013 ft2 (280m2)",Greater Manchester
1010010669,Aldi,Aldi,Aldi Irlam o the Height Manchester,Bolton Road,,Manchester,Irlam o the Height,M6 7NJ,-2.309616592,53.50068906,379559.5524,400488.289,Rooftop geocoded by Geolytix,,"15,069 < 30,138 ft2 (1,400 < 2,800 m2)",Greater Manchester
1010000726,Asda,Asda Superstore,Asda Swinton Superstore,15 Wellington Road,,Manchester,Swinton,M27 4BR,-2.337184874,53.51273309,377737.2075,401836.5407,Rooftop geocoded by Geolytix,,"30,138 ft2 > (2,800 m2)",Greater Manchester
1010000298,Aldi,Aldi,Aldi Urmston Manchester,Golden Way,,Manchester,Urmston,M41 0NA,-2.353906132,53.44984497,376593.5924,394845.399,Rooftop geocoded by Geolytix,,"3,013 < 15,069 ft2 (280 < 1,400 m2)",Greater Manchester
1010013372,Jack Fultons,Fultons Foods,Fultons Eccles Manchester,Unit 11 The Mall,,Manchester,Eccles,M30 0EA,-2.336721875,53.48402805,377752.8124,398642.849,Rooftop geocoded by Geolytix,,"3,013 < 15,069 ft2 (280 < 1,400 m2)",Greater Manchester
1010002392,Morrisons,Morrisons,Morrisons Eccles Manchester,7 Irwell Place,Eccles,Manchester,Eccles,M30 0FH,-2.334568651,53.48269617,377895.0024,398493.999,Rooftop geocoded by Geolytix,,"30,138 ft2 > (2,800 m2)",Greater Manchester
1010003068,Sainsburys,Sainsburys,Sainsburys Urmston,Unit 24 Eden Square Shopping Centre,,Manchester,Urmston,M41 0NA,-2.354080689,53.44984984,376582.0024,394845.999,Rooftop geocoded by Geolytix,,"30,138 ft2 > (2,800 m2)",Greater Manchester
1010017622,Spar,Spar,Spar - Euro Garage Trafford Centre Service Station,Trafford Centre Service Station,,Manchester,Trafford Park,M17 8AT,-2.3524816,53.46766083,376698.0031,396826.9993,Rooftop geocoded by Geolytix,,"< 3,013 ft2 (280m2)",Greater Manchester
1010007537,Costco,Costco,Costco Manchester,Barton Dock Road,,Manchester,Trafford Park,M41 7PP,-2.342343442,53.46961,377372.0624,397040.569,Rooftop geocoded by Geolytix,,"30,138 ft2 > (2,800 m2)",Greater Manchester
1010000911,Asda,Asda Supercentre,Asda Trafford Park Supercentre,Barton Dock Road,,Manchester,Trafford Park,M41 7ZA,-2.344926414,53.46892618,377200.2324,396965.319,Rooftop geocoded by Geolytix,,"30,138 ft2 > (2,800 m2)",Greater Manchester
1010013966,Aldi,Aldi,Aldi Stretford Manchester,Unit 5a Stretford Mall,,Manchester,Stretford,M32 9BA,-2.312017972,53.44536252,379373.3027,394333.7164,Rooftop geocoded by Geolytix,20160630,"3,013 < 15,069 ft2 (280 < 1,400 m2)",Greater Manchester
1010001034,Asda,Asda Supermarket,Asda Eccles Supermarket,510 Liverpool Road,Eccles,Manchester,Peel Green,M30 7JA,-2.366591916,53.47827628,375767.3724,398012.729,Rooftop geocoded by Geolytix,,"3,013 < 15,069 ft2 (280 < 1,400 m2)",Greater Manchester
1010001483,Marks and Spencer,Marks and Spencer,M&S Trafford Centre,Unit MS U5 Peel Avenue,Trafford Centre,Manchester,Trafford Park,M17 8AA,-2.348542862,53.46605832,376958.6024,396647.429,Rooftop geocoded by Geolytix,,"3,013 < 15,069 ft2 (280 < 1,400 m2)",Greater Manchester
1010006017,Tesco,Tesco Express Esso,Tesco Pendlebury Esso Express,613 Bolton Road,Pendlebury,Manchester,Clifton,M27 4EJ,-2.329590621,53.51752488,378243.2824,402367.289,Rooftop geocoded by Geolytix,,"< 3,013 ft2 (280m2)",Greater Manchester
1010001033,Asda,Asda Supermarket,Asda Pendlebury Supermarket,604-612 Bolton Road,Pendlebury,Manchester,Pendlebury,M27 4ET,-2.331237432,53.51664521,378133.6324,402269.929,Rooftop geocoded by Geolytix,,"3,013 < 15,069 ft2 (280 < 1,400 m2)",Greater Manchester
1010017729,Spar,Spar,Spar - Euro Garage Worsley,Worsley Service Station,Walkden Road,"Roe Green, Greater Manchester",,M28 2RZ,-2.39028135,53.51084079,374215.0031,401643.9993,Rooftop geocoded by Geolytix,,"< 3,013 ft2 (280m2)",Greater Manchester
1010006018,Tesco,Tesco Express Esso,Tesco Eccles Esso Express,Liverpool Road,,Manchester,Peel Green,M30 0WD,-2.358784655,53.48078881,376286.9324,398289.619,Rooftop geocoded by Geolytix,,"< 3,013 ft2 (280m2)",Greater Manchester
1010007597,Sainsburys,Sainsburys Local,Sainsburys Eccles Gilda Brook Road,Gilda Brook Road,,Manchester,Seedley,M30 0DX,-2.329308425,53.48803385,378246.8224,399086.209,Rooftop geocoded by Geolytix,,"< 3,013 ft2 (280m2)",Greater Manchester
1010015849,Lidl,Lidl,Lidl Winton,Worsley Road,,Manchester,Winton,M30 8BW,-2.369517911,53.48934237,375579.566,399244.8736,Rooftop geocoded by Geolytix,20209999,"3,013 < 15,069 ft2 (280 < 1,400 m2)",Greater Manchester
1010017948,Spar,Spar,Spar - Buxton High Lane,Buxton Road,,"High Lane, Greater Manchester",,SK6 8DR,-2.074687349,53.36481187,395127.2967,385329.4546,Rooftop geocoded by Geolytix,,"< 3,013 ft2 (280m2)",Greater Manchester
1010015695,The Co-operative Group,The Co-operative Food,Co-op Manchester - Angel Street,4 Angel Street,,Manchester,Miles Platting,M4 4HT,-2.235432758,53.48738632,384475.5083,398989.4721,Rooftop geocoded by Geolytix,,"< 3,013 ft2 (280m2)",Greater Manchester
1010019023,Morrisons,Morrisons Daily,Morrisons Daily Manchester Ellesmere,Unit 4 Moho Building,,Manchester,Trafford,M15 4JY,-2.261135299,53.4721228,382763.8163,397297.2952,Rooftop geocoded by Geolytix,20210499,"< 3,013 ft2 (280m2)",Greater Manchester
1010005225,Tesco,Tesco Express,Tesco Church Manchester Express,12-24 Church Street,,Manchester,Central Manchester,M4 1PN,-2.238035314,53.48287998,384301.1425,398488.699,Rooftop geocoded by Geolytix,,"< 3,013 ft2 (280m2)",Greater Manchester
1010014484,The Co-operative Group,The Co-operative Food,Co-op Stockport - Didsbury Road,63 Didsbury Road,,Manchester,Heatons,SK4 2BA,-2.181504316,53.41037166,388032.042,390410.8583,Rooftop geocoded by Geolytix,,"< 3,013 ft2 (280m2)",Greater Manchester
1010010088,The Co-operative Group,The Co-operative Food,Co-op Chorlton - Wilbraham Road,599-601 Wilbraham Road,,Manchester,Chorlton,M21 9AN,-2.278713948,53.4422925,381584.0025,393982.999,Rooftop geocoded by Geolytix,,"< 3,013 ft2 (280m2)",Greater Manchester
1010005227,Tesco,Tesco Express,Tesco Salford Quays Trafford Road Express,Quays Campus,Trafford Road,Manchester,Salford Quays,M5 3AW,-2.282042263,53.47151808,381375.7925,397235.309,Rooftop geocoded by Geolytix,,"< 3,013 ft2 (280m2)",Greater Manchester
1010008628,The Co-operative Group,The Co-operative Food,Co-op Taylors Road,1-5 Taylors Road,Stretford,Manchester,Trafford,M32 0JA,-2.299319972,53.45499731,380221.1993,395401.999,Rooftop geocoded by Geolytix,,"< 3,013 ft2 (280m2)",Greater Manchester
1010005203,Tesco,Tesco Express,Tesco Firswood Express,42 Upper Chorlton,Firswood,Manchester,Trafford,M16 7RN,-2.261246319,53.45752817,382750.4925,395673.619,Rooftop geocoded by Geolytix,,"< 3,013 ft2 (280m2)",Greater Manchester
1010016242,Spar,Spar,Spar - Manchester Airport T3,Terminal 3 New Arrivals,,Manchester Airport,,M90 1QX,-2.270942682,53.36123301,382065.933,384962.9582,Rooftop geocoded by Geolytix,,"< 3,013 ft2 (280m2)",Greater Manchester
1010015692,The Co-operative Group,The Co-operative Food,Co-op Chorlton - Beech Road,129 Beech Road,,Manchester,Chorlton,M21 9EQ,-2.281407459,53.43859544,381403.4637,393572.393,Rooftop geocoded by Geolytix,,"< 3,013 ft2 (280m2)",Greater Manchester
1010017675,Spar,Spar,Spar - St. Marys Gate,8 St. Mary'S Gate,,Manchester,Central Manchester,M1 1PX,-2.245848375,53.48326948,383782.8093,398533.7938,Rooftop geocoded by Geolytix,,"< 3,013 ft2 (280m2)",Greater Manchester
1010005209,Tesco,Tesco Express,Tesco Chorlton Cum Hardy Express,Barlow Moor Road,Chorlton,Manchester,Chorlton,M21 8AY,-2.27323651,53.4365375,381945.3825,393341.329,Rooftop geocoded by Geolytix,,"< 3,013 ft2 (280m2)",Greater Manchester
1010003639,Sainsburys,Sainsburys Local,Sainsburys Manchester Oxford Road Local,Horniman House,399-401 Oxford Road,Manchester,Chorlton upon Medlock,M13 9BL,-2.230139775,53.46330842,384818.0625,396309.569,Rooftop geocoded by Geolytix,,"< 3,013 ft2 (280m2)",Greater Manchester
1010017949,Spar,Spar,Spar - King St West,31-33 King Street West,,Manchester,Central Manchester,M3 2PJ,-2.249697264,53.48170383,383526.7848,398360.4976,Rooftop geocoded by Geolytix,,"< 3,013 ft2 (280m2)",Greater Manchester
1010017791,Spar,Spar,Spar - Princess Street,88 Princess Street,,Manchester,Central Manchester,M1 6NG,-2.237700249,53.47457246,384320.2929,397564.3813,Rooftop geocoded by Geolytix,,"< 3,013 ft2 (280m2)",Greater Manchester
1010016144,The Co-operative Group,The Co-operative Food,Co-op Ancoats Blossom Street,45-49 Blossom Street,Ancoats,Manchester,Miles Platting,M4 6AJ,-2.227868902,53.48497642,384976.5424,398719.7289,Rooftop geocoded by Geolytix,20200313,"< 3,013 ft2 (280m2)",Greater Manchester
1010015698,The Co-operative Group,The Co-operative Food,Co-op Salford - Clippers Quay,Clippers Quay,,Manchester,Salford Quays,M50 3XP,-2.283932967,53.46713013,381248.3443,396747.6331,Rooftop geocoded by Geolytix,,"< 3,013 ft2 (280m2)",Greater Manchester
1010014226,Marks and Spencer,Marks and Spencer Foodhall,M&S Chorlton-Cum-Hardy Foodhall,435 Barlow Moor Road,,Manchester,Chorlton,M21 8AU,-2.274025698,53.4360061,381892.7269,393282.4102,Rooftop geocoded by Geolytix,20170299,"< 3,013 ft2 (280m2)",Greater Manchester
1010015697,The Co-operative Group,The Co-operative Food,Co-op Salford - Middlewood Locks,1 Lockgate Square,,Manchester,Salford,M5 4YU,-2.262515289,53.47940379,382675.2011,398107.6689,Rooftop geocoded by Geolytix,,"< 3,013 ft2 (280m2)",Greater Manchester
1010003641,Sainsburys,Sainsburys Local,Sainsburys Manchester Withington Local,494-496 Wilmslow Road,Withington,Manchester,Fallowfield,M20 3BG,-2.229280206,53.43338489,384864.4165,392980.2961,Rooftop geocoded by Geolytix,,"< 3,013 ft2 (280m2)",Greater Manchester
1010008624,The Co-operative Group,The Co-operative Food,Co-op Stockport - 76-78 Heaton Moor,76-78 Heaton Moor Road,Heaton Moor,Manchester,Heatons,SK4 4NZ,-2.183181585,53.4234156,387924.2778,391862.3177,Rooftop geocoded by Geolytix,,"< 3,013 ft2 (280m2)",Greater Manchester
1010003647,Sainsburys,Sainsburys Local,Sainsburys Overseas House Local,Overseas House,Quay Street,Manchester,Central Manchester,M3 3HN,-2.249919339,53.47820803,383510.6825,397971.629,Rooftop geocoded by Geolytix,,"< 3,013 ft2 (280m2)",Greater Manchester
1010005207,Tesco,Tesco Express,Tesco Didsbury Express,132-134 Burton Road,Didsbury,Manchester,Didsbury,M20 1JQ,-2.240857513,53.42857653,384093.4325,392447.889,Rooftop geocoded by Geolytix,,"< 3,013 ft2 (280m2)",Greater Manchester
1010018993,The Co-operative Group,The Co-operative Food,Co-op Cornbrook Hub,254 Chester Road,,Manchester,Trafford,M15 4EX,-2.265743111,53.4697908,382456.9921,397038.9836,Rooftop geocoded by Geolytix,20210499,"< 3,013 ft2 (280m2)",Greater Manchester
1010005200,Tesco,Tesco Express,Tesco Oxford Road Chorlton Express,Wilmslow Park,Wilmslow Road,Manchester,Chorlton upon Medlock,M13 0JN,-2.226938601,53.45867892,385028.9525,395793.839,Rooftop geocoded by Geolytix,,"< 3,013 ft2 (280m2)",Greater Manchester
1010002104,Marks and Spencer,Marks and Spencer Travel SF,M&S Piccadilly SF,Unit 22 Manchester Station,,Manchester,Central Manchester,M1 2PB,-2.231020007,53.47708084,384764.5925,397841.989,Rooftop geocoded by Geolytix,,"< 3,013 ft2 (280m2)",Greater Manchester
1010000281,Aldi,Aldi,Aldi Trafford Manchester,2 Tennis Street,,Manchester,Trafford,M16 0LH,-2.277175703,53.46053089,381694.0725,396011.679,Rooftop geocoded by Geolytix,,"3,013 < 15,069 ft2 (280 < 1,400 m2)",Greater Manchester
1010002003,Marks and Spencer,Marks and Spencer Simply Food,M&S Didsbury SF,726-732 Wilmslow Road,Didsbury,Manchester,Didsbury,M20 6WF,-2.231869149,53.41708801,384686.5125,391167.779,Rooftop geocoded by Geolytix,,"< 3,013 ft2 (280m2)",Greater Manchester
1010005208,Tesco,Tesco Express,Tesco Didsbury Wilmslow Road Express,Wilmslow Road,Didsbury,Manchester,Didsbury,M20 6QZ,-2.231360974,53.41843036,384720.7725,391317.009,Rooftop geocoded by Geolytix,,"< 3,013 ft2 (280m2)",Greater Manchester
1010003642,Sainsburys,Sainsburys Local,Sainsburys Mosley Street Local,58 Mosley Street,,Manchester,Central Manchester,M2 3HZ,-2.24050963,53.47970794,384135.7525,398136.349,Rooftop geocoded by Geolytix,,"< 3,013 ft2 (280m2)",Greater Manchester
1010000299,Aldi,Aldi,Aldi Pendleton Manchester,Heywood Way,,Manchester,Pendleton,M6 5UJ,-2.288118862,53.48753235,380979.6425,399018.569,Rooftop geocoded by Geolytix,,"3,013 < 15,069 ft2 (280 < 1,400 m2)",Greater Manchester
1010013053,Farmfoods,Farmfoods,Farmfoods Heatons Manchester,25 Hamilton Square,,Manchester,Heatons,SK4 1JG,-2.165517569,53.41584316,389096.1625,391016.989,Rooftop geocoded by Geolytix,,"3,013 < 15,069 ft2 (280 < 1,400 m2)",Greater Manchester
1010011212,Iceland,Iceland,Iceland Clayton,Ralph Street,,Manchester,Clayton,M11 4YX,-2.168744123,53.48042466,388898.7325,398202.399,Rooftop geocoded by Geolytix,,"3,013 < 15,069 ft2 (280 < 1,400 m2)",Greater Manchester
1010008627,The Co-operative Group,The Co-operative Food,Co-op Hardy Lane,349 Barlow Moor Road,Chorlton-Cum-Hardy,Manchester,Chorlton,M21 7QH,-2.270315548,53.43212448,382137.5694,392849.6276,Rooftop geocoded by Geolytix,,"< 3,013 ft2 (280m2)",Greater Manchester
1010014408,Marks and Spencer,Marks and Spencer,M&S Manchester Victoria Station SSP,Manchester Victoria Station,,Manchester,Central Manchester,M3 1WY,-2.241898647,53.48669469,384046.2093,398913.9635,Rooftop geocoded by Geolytix,,"< 3,013 ft2 (280m2)",Greater Manchester
1010014265,Iceland,The Food Warehouse,Iceland White City Food Warehouse,Unit 12 White City Retail Park,,Manchester,Trafford,M16 0RP,-2.284710895,53.46066801,381193.8281,396028.907,Rooftop geocoded by Geolytix,,"3,013 < 15,069 ft2 (280 < 1,400 m2)",Greater Manchester
1010015516,Sainsburys,Sainsburys Local,Sainsburys Salford Harbour City Local,Michigan Avenue Michigan Tower Unit 1 ,,Manchester,Salford Quays,M50 2HG,-2.292142697,53.47443699,380706.6707,397562.75,Rooftop geocoded by Geolytix,,"< 3,013 ft2 (280m2)",Greater Manchester
1010015696,The Co-operative Group,The Co-operative Food,Co-op Salford - Ordsall Lane,Ordsall Lane,,Manchester,Salford Quays,M5 4UB,-2.267947109,53.47363393,382312.2959,397467.0935,Rooftop geocoded by Geolytix,,"< 3,013 ft2 (280m2)",Greater Manchester
1010000283,Aldi,Aldi,Aldi Burnage Manchester,Kingsway,Burnage,Manchester,Burnage,M19 1LJ,-2.209725705,53.42690745,386161.4625,392255.659,Rooftop geocoded by Geolytix,,"3,013 < 15,069 ft2 (280 < 1,400 m2)",Greater Manchester
1010006016,Tesco,Tesco Express Esso,Tesco Chorlton Esso Express,84 Manchester Road,,Manchester,Chorlton,M21 9PT,-2.277584434,53.44562188,381660.4725,394353.109,Rooftop geocoded by Geolytix,,"< 3,013 ft2 (280m2)",Greater Manchester
1010008616,The Co-operative Group,The Co-operative Food,Co-op Didsbury,756/758 Wilmslow Road,Didsbury,Manchester,Didsbury,M20 2DW,-2.232140676,53.41636544,384668.204,391087.4501,Rooftop geocoded by Geolytix,,"< 3,013 ft2 (280m2)",Greater Manchester
1010014310,Iceland,Iceland,Iceland Levenshulme,962-968 Stockport Road,,Manchester,Levenshulme,M19 3NN,-2.191707383,53.44340108,387363.689,394087.2533,Rooftop geocoded by Geolytix,,"3,013 < 15,069 ft2 (280 < 1,400 m2)",Greater Manchester
1010000279,Aldi,Aldi,Aldi Clayton Manchester,998 Ashton New Road,Clayton,Manchester,Clayton,M11 4PD,-2.171110407,53.48124085,388741.9125,398293.579,Rooftop geocoded by Geolytix,,"3,013 < 15,069 ft2 (280 < 1,400 m2)",Greater Manchester
1010000280,Aldi,Aldi,Aldi Moss Side Manchester,143 Lloyd Street South,,Manchester,Moss Side,M14 7LA,-2.238980222,53.4475566,384225.2525,394559.059,Rooftop geocoded by Geolytix,,"3,013 < 15,069 ft2 (280 < 1,400 m2)",Greater Manchester
1010014859,Marks and Spencer,Marks and Spencer Foodhall,M&S Manchester Spinningfields Foodhall,Spinningfields,,Manchester,Central Manchester,M3 3EB,-2.252586277,53.47987154,383334.3387,398157.3245,Rooftop geocoded by Geolytix,,"3,013 < 15,069 ft2 (280 < 1,400 m2)",Greater Manchester
1010001087,Asda,Asda Supermarket,Asda Stockport Belmont Supermarket,Hamilton Square,Belmont Shopping Centre,Manchester,Heatons,SK4 1JG,-2.165546151,53.41599673,389094.3025,391034.079,Rooftop geocoded by Geolytix,,"3,013 < 15,069 ft2 (280 < 1,400 m2)",Greater Manchester
1010013779,Marks and Spencer,Marks and Spencer Foodhall,M&S Stretford Foodhall,1A White City Retail Park,,Manchester,Trafford,M16 0RP,-2.28560482,53.46119963,381134.7124,396088.289,Rooftop geocoded by Geolytix,20160331,"3,013 < 15,069 ft2 (280 < 1,400 m2)",Greater Manchester
1010003640,Sainsburys,Sainsburys Local,Sainsburys Whitworth Street Local,51 Whitworth Street West,,Manchester,Central Manchester,M1 5EA,-2.241719468,53.47470809,384053.5725,397580.369,Rooftop geocoded by Geolytix,,"< 3,013 ft2 (280m2)",Greater Manchester
1010002002,Marks and Spencer,Marks and Spencer Simply Food,M&S Piccadilly Gardens Manchester SF,Unit 6a Piccadilly Plaza,,Manchester,Central Manchester,M1 4AJ,-2.238136183,53.48009471,384293.4125,398178.849,Rooftop geocoded by Geolytix,,"< 3,013 ft2 (280m2)",Greater Manchester
1010013884,Sainsburys,Sainsburys Local,Sainsburys Manchester Station Approach Local,111 Piccadilly,,Manchester,Central Manchester,M1 2HY,-2.232793174,53.47948747,384647.7825,398110.119,Rooftop geocoded by Geolytix,20179999,"< 3,013 ft2 (280m2)",Greater Manchester
1010011334,Iceland,Iceland,Iceland Droylsden,1-3 Greenside Shopping Centre,Greenside Lane,Manchester,Droylsden,M43 7YY,-2.147035773,53.48058282,390339.4425,398216.799,Rooftop geocoded by Geolytix,,"3,013 < 15,069 ft2 (280 < 1,400 m2)",Greater Manchester
1010009973,The Co-operative Group,The Co-operative Food,Co-op West Didsbury - Burton Road,174/175 Burton Road,West Didsbury,Manchester,Didsbury,M20 2LN,-2.242942742,53.42604236,383953.9168,392166.4261,Rooftop geocoded by Geolytix,,"3,013 < 15,069 ft2 (280 < 1,400 m2)",Greater Manchester
1010003638,Sainsburys,Sainsburys Local,Sainsburys Manchester Piccadilly Local,Unit 1,Piccadilly Station,Manchester,Central Manchester,M1 2BN,-2.231319746,53.47700808,384744.6725,397833.959,Rooftop geocoded by Geolytix,,"3,013 < 15,069 ft2 (280 < 1,400 m2)",Greater Manchester
1010000285,Aldi,Aldi,Aldi Didsbury Manchester,Wilmslow Road,Didsbury,Manchester,Didsbury,M20 2DN,-2.232938536,53.41911033,384616.1725,391392.999,Rooftop geocoded by Geolytix,,"3,013 < 15,069 ft2 (280 < 1,400 m2)",Greater Manchester
1010013520,Marks and Spencer,Marks and Spencer BP,M&S Heaton Mersey BP,Didsbury Road,,Manchester,Heatons,SK4 3AJ,-2.211201909,53.41183851,386058.4025,390579.489,Rooftop geocoded by Geolytix,,"< 3,013 ft2 (280m2)",Greater Manchester
1010005205,Tesco,Tesco Express,Tesco Manchester Oxford Street Express,Oxford Street,,Manchester,Central Manchester,M1 6EQ,-2.241873649,53.4758557,384043.7725,397708.079,Rooftop geocoded by Geolytix,,"< 3,013 ft2 (280m2)",Greater Manchester
1010001878,Marks and Spencer,Marks and Spencer Outlet,M&S Urban Exchange Manchester Outlet,Unit 4 Urban Exchange,Great Ancoats,Manchester,Central Manchester,M4 6DE,-2.22879298,53.48131096,384913.9125,398312.129,Rooftop geocoded by Geolytix,,"3,013 < 15,069 ft2 (280 < 1,400 m2)",Greater Manchester
1010000297,Aldi,Aldi,Aldi Urban Exchange Manchester,Unit A Urban Exchange,100 Great Ancoats Street,Manchester,Central Manchester,M4 6DE,-2.227753533,53.48164462,384983.0125,398349.029,Rooftop geocoded by Geolytix,,"3,013 < 15,069 ft2 (280 < 1,400 m2)",Greater Manchester
1010016038,Farmfoods,Farmfoods,Farmfoods Lime Square,Unit 20/21 Lime Square,Ashton Old Road,Manchester,Openshaw,M11 1DA,-2.164885576,53.47338574,389152.9908,397418.6927,Rooftop geocoded by Geolytix,20200205,"3,013 < 15,069 ft2 (280 < 1,400 m2)",Greater Manchester
1010007208,Lidl,Lidl,Lidl Openshaw Manchester,1270 Ashton Old Road,,Manchester,Openshaw,M11 1JJ,-2.16524714,53.47265319,389128.8025,397337.249,Rooftop geocoded by Geolytix,,"3,013 < 15,069 ft2 (280 < 1,400 m2)",Greater Manchester
1010011466,Iceland,Iceland,Iceland Old Trafford,Tennis Street,Seymour Grove,Manchester,Trafford,M16 0LH,-2.277184424,53.46092142,381693.6625,396055.129,Rooftop geocoded by Geolytix,,"3,013 < 15,069 ft2 (280 < 1,400 m2)",Greater Manchester
1010017877,Spar,Spar,Spar - Salford Quays,Salford Quays,Trafford Road,Manchester,Salford Quays,M5 4QD,-2.282430342,53.468918,381348.8854,396946.143,Rooftop geocoded by Geolytix,,"< 3,013 ft2 (280m2)",Greater Manchester
1010001031,Asda,Asda Supermarket,Asda Gorton Supermarket,Reddish Lane,,Manchester,Reddish,M18 7JH,-2.158442411,53.45541598,389576.2125,395418.519,Rooftop geocoded by Geolytix,,"3,013 < 15,069 ft2 (280 < 1,400 m2)",Greater Manchester
1010009473,The Co-operative Group,The Co-operative Food,Co-op Withington - Copson Street,Copson Street,,Manchester,Fallowfield,M20 3HE,-2.230824495,53.43390058,384762.0025,393037.999,Rooftop geocoded by Geolytix,,"3,013 < 15,069 ft2 (280 < 1,400 m2)",Greater Manchester
1010007210,Lidl,Lidl,Lidl Chorlton upon Medlock Manchester,3-4 Wilmslow Road,Wilmslow Park,Manchester,Chorlton upon Medlock,M13 9PD,-2.226730083,53.45835313,385042.6825,395757.549,Rooftop geocoded by Geolytix,,"3,013 < 15,069 ft2 (280 < 1,400 m2)",Greater Manchester
1010012686,Iceland,Iceland,Iceland Fallowfield,Fallowfields Shopping Centre,Birchfields Road,Manchester,Fallowfield,M14 6FS,-2.204429099,53.44353839,386518.7225,394104.879,Rooftop geocoded by Geolytix,,"3,013 < 15,069 ft2 (280 < 1,400 m2)",Greater Manchester
1010001482,Marks and Spencer,Marks and Spencer,M&S Manchester,7 Market Street,,Manchester,Central Manchester,M1 1WT,-2.244042948,53.48354298,383902.7225,398563.809,Rooftop geocoded by Geolytix,,"15,069 < 30,138 ft2 (1,400 < 2,800 m2)",Greater Manchester
1010006430,Tesco,Tesco Metro,Tesco Manchester Metro,58-66 Market Street,,Manchester,Central Manchester,M1 1PW,-2.241947282,53.48243609,384041.3725,398440.189,Rooftop geocoded by Geolytix,,"15,069 < 30,138 ft2 (1,400 < 2,800 m2)",Greater Manchester
1010010463,Tesco,Tesco Extra,Tesco Stretford Extra,Chester Road,,Manchester,Trafford,M32 0QW,-2.290110531,53.45918137,380834.6424,395864.959,Rooftop geocoded by Geolytix,,"30,138 ft2 > (2,800 m2)",Greater Manchester
1010003069,Sainsburys,Sainsburys,Sainsburys Salford,100 Regent Road,,Manchester,Salford Quays,M5 4QU,-2.267912626,53.47702182,382316.0025,397843.999,Rooftop geocoded by Geolytix,,"30,138 ft2 > (2,800 m2)",Greater Manchester
1010002388,Morrisons,Morrisons,Morrisons Openshaw Manchester,1 Lime Square,Ashton Old Road,Manchester,Openshaw,M11 1DA,-2.165655861,53.47392674,389102.0025,397478.999,Rooftop geocoded by Geolytix,,"30,138 ft2 > (2,800 m2)",Greater Manchester
1010015504,Marks and Spencer,Marks and Spencer Outlet,M&S Lowry Outlet Salford Quays,11-15 The Lowry Outlet,,Manchester,Salford Quays,M50 3AH,-2.293088241,53.47033785,380642.0348,397106.9648,Rooftop geocoded by Geolytix,20160899,"3,013 < 15,069 ft2 (280 < 1,400 m2)",Greater Manchester
1010004269,Tesco,Tesco,Tesco Burnage Superstore,Burnage Lane,Burnage,Manchester,Burnage,M19 1TF,-2.210120071,53.42003358,386133.0025,391490.999,Rooftop geocoded by Geolytix,,"30,138 ft2 > (2,800 m2)",Greater Manchester
1010010464,Tesco,Tesco Extra,Tesco Salford Extra,Pendleton Way,,Manchester,Pendleton,M6 5JG,-2.290050107,53.48970692,380852.4825,399261.019,Rooftop geocoded by Geolytix,,"30,138 ft2 > (2,800 m2)",Greater Manchester
1010000722,Asda,Asda Superstore,Asda Longsight Superstore,Stanley Grove,Longsight,Manchester,Longsight,M12 4NH,-2.199301409,53.45740382,386863.6325,395646.489,Rooftop geocoded by Geolytix,,"30,138 ft2 > (2,800 m2)",Greater Manchester
1010009971,The Co-operative Group,The Co-operative Food PFS,Co-op Petrol Princess Parkway,849 Princess Road,,Manchester,Chorlton,M20 2ZF,-2.259287971,53.42007692,382865.3673,391506.5814,Rooftop geocoded by Geolytix,,"< 3,013 ft2 (280m2)",Greater Manchester
1010015308,The Co-operative Group,The Co-operative Food,Co-op Gateway House Manchester Piccadilly,12-15 Gateway House,Piccadilly Approach,Manchester,Central Manchester,M1 2GH,-2.231629802,53.47804514,384724.4693,397949.403,Rooftop geocoded by Geolytix,20181199,"< 3,013 ft2 (280m2)",Greater Manchester
1010003648,Sainsburys,Sainsburys Local,Sainsburys Deansgate Local,Deansgate,,Manchester,Central Manchester,M3 4BQ,-2.248129408,53.48100799,383630.5625,398282.719,Rooftop geocoded by Geolytix,,"< 3,013 ft2 (280m2)",Greater Manchester
1010002544,Morrisons,Morrisons,Morrisons Reddish Manchester,408 Reddish Road,Stockport,Manchester,Reddish,SK5 7AA,-2.157384609,53.43730987,389642.0025,393403.999,Rooftop geocoded by Geolytix,,"15,069 < 30,138 ft2 (1,400 < 2,800 m2)",Greater Manchester
1010015691,The Co-operative Group,The Co-operative Food,Co-op Manchester - Oxford Road,Booth Street West,,Manchester,Chorlton upon Medlock,M15 6PB,-2.23557211,53.46812374,384459.173,396846.4689,Rooftop geocoded by Geolytix,,"< 3,013 ft2 (280m2)",Greater Manchester
1010005204,Tesco,Tesco Express,Tesco Whalley Range Express,94a Withington Road,Whalley Range,Manchester,Whalley Range,M16 8FA,-2.257978857,53.45360307,382965.8725,395236.149,Rooftop geocoded by Geolytix,,"< 3,013 ft2 (280m2)",Greater Manchester
1010005228,Tesco,Tesco Express,Tesco Piccadilly Express,Unit 3 1 Portland Street,Piccadilly,Manchester,Central Manchester,M1 3BE,-2.234527544,53.48042571,384533.0225,398214.879,Rooftop geocoded by Geolytix,,"< 3,013 ft2 (280m2)",Greater Manchester
1010000910,Asda,Asda Supercentre,Asda Eastlands Supercentre,Sportcity,Ashton New Road,Manchester,Clayton,M11 4BD,-2.193075073,53.48291631,387284.7625,398483.709,Rooftop geocoded by Geolytix,,"30,138 ft2 > (2,800 m2)",Greater Manchester
1010006229,Tesco,Tesco Extra,Tesco Manchester Gorton Extra,Hyde Road,Gorton,Manchester,Gorton,M18 8LD,-2.17395362,53.46202319,388548.0025,396155.999,Rooftop geocoded by Geolytix,,"30,138 ft2 > (2,800 m2)",Greater Manchester
1010005213,Tesco,Tesco Express,Tesco Princess Street Manch Express,Princess Street,,Manchester,Central Manchester,M2 4EW,-2.243466695,53.47949368,383939.4225,398113.179,Rooftop geocoded by Geolytix,,"< 3,013 ft2 (280m2)",Greater Manchester
1010000277,Aldi,Aldi,Aldi Manchester Arndale Manchester,Manchester Arndale,67-71 Market Street,Manchester,Central Manchester,M1 1WR,-2.240617518,53.48279409,384129.7525,398479.719,Rooftop geocoded by Geolytix,,"3,013 < 15,069 ft2 (280 < 1,400 m2)",Greater Manchester
1010002703,Morrisons,Morrisons,Morrisons Manchester,19-25 Piccadilly Gardens,,Manchester,Central Manchester,M1 1LU,-2.236583415,53.48155554,384397.0025,398341.029,Rooftop geocoded by Geolytix,,"3,013 < 15,069 ft2 (280 < 1,400 m2)",Greater Manchester
1010015313,Lidl,Lidl,Lidl City Tower Parker Street Manchester,Parker Street,,Manchester,Central Manchester,M1 4BT,-2.238476876,53.48021632,384270.8476,398192.4546,Rooftop geocoded by Geolytix,20199999,"3,013 < 15,069 ft2 (280 < 1,400 m2)",Greater Manchester
1010009472,The Co-operative Group,The Co-operative Food,Co-op Ladybarn,105 Mauldeth Road,Ladybarn,Manchester,Fallowfield,M14 6SR,-2.213171956,53.43529756,385935.2573,393189.7634,Rooftop geocoded by Geolytix,,"3,013 < 15,069 ft2 (280 < 1,400 m2)",Greater Manchester
1010016277,Spar,Spar,Spar - Manchester Airport T2,Terminal 2 Arrivals,,Manchester Airport,,M90 1QX,-2.279624624,53.36720143,381490.7469,385629.1834,Rooftop geocoded by Geolytix,,"< 3,013 ft2 (280m2)",Greater Manchester
1010016309,Spar,Spar,Spar - Manchester Airport T1,Terminal One Arrivals,,Manchester Airport,,M90 1QX,-2.275066325,53.36157355,381791.648,385001.8942,Rooftop geocoded by Geolytix,,"< 3,013 ft2 (280m2)",Greater Manchester
1010015322,Marks and Spencer,Marks and Spencer BP,M&S Airport City BP,Wilmslow Road,,Manchester Airport,,WA15 0PT,-2.290729586,53.35711041,380747.2327,384509.4975,Rooftop geocoded by Geolytix,20181206,"< 3,013 ft2 (280m2)",Greater Manchester
1010006431,Tesco,Tesco Metro,Tesco Levenshulme Metro,988-990 Stockport Road,,Manchester,Levenshulme,M19 3NN,-2.19080969,53.44234858,387423.0025,393969.999,Rooftop geocoded by Geolytix,,"3,013 < 15,069 ft2 (280 < 1,400 m2)",Greater Manchester
1010001030,Asda,Asda Supermarket,Asda Levenshulme Supermarket,701 Stockport Road,Levenshulme,Manchester,Levenshulme,M12 4QN,-2.191976009,53.44959189,387347.7025,394776.049,Rooftop geocoded by Geolytix,,"3,013 < 15,069 ft2 (280 < 1,400 m2)",Greater Manchester
1010007209,Lidl,Lidl,Lidl Longsight Manchester,2 Stanley Grove,,Manchester,Longsight,M12 4AA,-2.199192742,53.45638965,386870.5325,395533.639,Rooftop geocoded by Geolytix,,"3,013 < 15,069 ft2 (280 < 1,400 m2)",Greater Manchester
1010013320,Heron,Heron,Heron Pendleton Manchester,74 Fitzgerald Way,,Manchester,Pendleton,M6 5HW,-2.287618002,53.48885917,381013.4725,399166.049,Rooftop geocoded by Geolytix,,"3,013 < 15,069 ft2 (280 < 1,400 m2)",Greater Manchester
1010012994,Farmfoods,Farmfoods,Farmfoods Longsight Manchester,575-577 Stockport Road,,Manchester,Longsight,M13 0RG,-2.199235326,53.45612505,386867.6225,395504.209,Rooftop geocoded by Geolytix,,"3,013 < 15,069 ft2 (280 < 1,400 m2)",Greater Manchester
1010010367,The Co-operative Group,The Co-operative Food,Co-op Whalley Range,135 Withington Road,Whalley Range,Manchester,Whalley Range,M16 8EE,-2.257301245,53.45191569,383010.1925,395048.259,Rooftop geocoded by Geolytix,,"3,013 < 15,069 ft2 (280 < 1,400 m2)",Greater Manchester
1010017572,Spar,Spar,Spar - New George Street,4 New George Street,,Manchester,Central Manchester,M4 4AE,-2.236138927,53.48520076,384427.8448,398746.4753,Rooftop geocoded by Geolytix,,"< 3,013 ft2 (280m2)",Greater Manchester
1010001284,Budgens,Budgens,Budgens Woodford,442 Chester Road,Woodford,"Woodford, Greater Manchester",,SK7 1QS,-2.162439345,53.34230919,389282.1136,382835.7142,Rooftop geocoded by Geolytix,,"3,013 < 15,069 ft2 (280 < 1,400 m2)",Greater Manchester
1010005632,Tesco,Tesco Express,Tesco Heaton Moor Express,180-190 Heaton Moor Road,Heaton Moor,Manchester,Heatons,SK4 4DU,-2.189294781,53.41823973,387516.5025,391287.549,Rooftop geocoded by Geolytix,,"< 3,013 ft2 (280m2)",Greater Manchester
1010003065,Sainsburys,Sainsburys,Sainsburys Fallowfield,347 Wilmslow Road,,Manchester,Fallowfield,M14 6SS,-2.21800561,53.44079192,385616.0025,393801.999,Rooftop geocoded by Geolytix,,"15,069 < 30,138 ft2 (1,400 < 2,800 m2)",Greater Manchester
1010017859,Spar,Spar,Spar - Gorton,197 Chapman Street,,Manchester,Gorton,M18 8WP,-2.170204845,53.46538614,388797.7917,396529.5381,Rooftop geocoded by Geolytix,,"< 3,013 ft2 (280m2)",Greater Manchester
1010000282,Aldi,Aldi,Aldi Gorton Manchester,Garratt Way,,Manchester,Gorton,M18 8HE,-2.179373364,53.46272445,388188.3625,396234.909,Rooftop geocoded by Geolytix,,"3,013 < 15,069 ft2 (280 < 1,400 m2)",Greater Manchester
1010006014,Tesco,Tesco Express Esso,Tesco Manchester Rusholme Esso Express,Upper Brook Street,,Manchester,Chorlton upon Medlock,M13 0HL,-2.222221082,53.46130749,385343.1025,396085.289,Rooftop geocoded by Geolytix,,"< 3,013 ft2 (280m2)",Greater Manchester
1010015433,Lidl,Lidl,"Lidl Stretford, Chester Road",Chester Road,Stretford,Manchester,Stretford,M32 0WZ,-2.301399963,53.45029999,380080.8683,394879.9895,Rooftop geocoded by Geolytix,20190117,"3,013 < 15,069 ft2 (280 < 1,400 m2)",Greater Manchester
1010017634,Spar,Spar,Spar - Droylsden,79 Sunniside Road,,Manchester,Droylsden,M43 7GZ,-2.149581113,53.48836102,390172.3406,399082.5071,Rooftop geocoded by Geolytix,,"< 3,013 ft2 (280m2)",Greater Manchester
1010002389,Morrisons,Morrisons,Morrisons Whalley Range Manchester,418B Wilbraham Road,,Manchester,Chorlton,M21 0SD,-2.27429279,53.44305778,381878.0025,394066.999,Rooftop geocoded by Geolytix,,"15,069 < 30,138 ft2 (1,400 < 2,800 m2)",Greater Manchester
1010009734,The Co-operative Group,The Co-operative Food,Co-op Stockport - 206 Heaton Moor Road,206 Heaton Moor Road,Heaton Moor,Manchester,Heatons,SK4 4DU,-2.189701847,53.41751883,387489.2346,391207.4198,Rooftop geocoded by Geolytix,,"3,013 < 15,069 ft2 (280 < 1,400 m2)",Greater Manchester
1010017472,Spar,Spar,Spar - Picadilly,89 Piccadilly,,Manchester,Central Manchester,M1 2DA,-2.233555458,53.48023125,384597.4639,398193.0332,Rooftop geocoded by Geolytix,,"< 3,013 ft2 (280m2)",Greater Manchester
1010017651,Spar,Spar,Spar - City Tower,Unit F1 City Tower,Piccadilly Plaza,Manchester,Central Manchester,M1 4AJ,-2.237018692,53.47983064,384367.4774,398149.2236,Rooftop geocoded by Geolytix,,"< 3,013 ft2 (280m2)",Greater Manchester
1010005218,Tesco,Tesco Express,Tesco Deansgate Express,50-52 Maybrook House,Deansgate,Manchester,Central Manchester,M3 2FE,-2.246666473,53.48327584,383728.5225,398534.689,Rooftop geocoded by Geolytix,,"< 3,013 ft2 (280m2)",Greater Manchester
1010005222,Tesco,Tesco Express,Tesco Manchester Quay Street Express,Unit 2 Oversea House,11 Quay Street,Manchester,Central Manchester,M3 3BB,-2.250295481,53.47824356,383485.7325,397975.669,Rooftop geocoded by Geolytix,,"< 3,013 ft2 (280m2)",Greater Manchester
1010015309,The Co-operative Group,The Co-operative Food,Co-op Spinningfields Manchester,Manchester House,Bridge Street,Manchester,Central Manchester,M3 3BZ,-2.25080732,53.48108968,383452.8777,398292.4306,Rooftop geocoded by Geolytix,20181199,"3,013 < 15,069 ft2 (280 < 1,400 m2)",Greater Manchester
1010011110,Iceland,Iceland,Iceland Salford,119-121 Mather Way,,Manchester,Pendleton,M6 5HU,-2.287278468,53.48910726,381036.1125,399193.559,Rooftop geocoded by Geolytix,,"3,013 < 15,069 ft2 (280 < 1,400 m2)",Greater Manchester
1010003644,Sainsburys,Sainsburys Local,Sainsburys Manchester Cross Street Local,22 Cross Street,,Manchester,Central Manchester,M2 7AQ,-2.244529564,53.48210796,383869.8825,398404.269,Rooftop geocoded by Geolytix,,"< 3,013 ft2 (280m2)",Greater Manchester
1010005202,Tesco,Tesco Express,Tesco City Towers Manch Express,Unit D City Tower,,Manchester,Central Manchester,M1 4AH,-2.23858388,53.48025983,384263.7625,398197.319,Rooftop geocoded by Geolytix,,"< 3,013 ft2 (280m2)",Greater Manchester
1010008605,The Co-operative Group,The Co-operative Food,Co-op Balloon Street Manchester,1 Balloon Street,,Manchester,Central Manchester,M60 4EP,-2.241253331,53.4856683,384088.6425,398799.629,Rooftop geocoded by Geolytix,,"< 3,013 ft2 (280m2)",Greater Manchester
1010008615,The Co-operative Group,The Co-operative Food,Co-op Manchester - High Street,38 High Street,,Manchester,Central Manchester,M4 1QB,-2.238664938,53.48333997,384259.5315,398540.0146,Rooftop geocoded by Geolytix,,"3,013 < 15,069 ft2 (280 < 1,400 m2)",Greater Manchester
1010015030,Marks and Spencer,Marks and Spencer Hospital,M&S Christie's Hospital,550 Wilmslow Road,,Manchester,Didsbury,M20 4BX,-2.228647576,53.42973375,384905.1439,392573.9603,Rooftop geocoded by Geolytix,20179999,"< 3,013 ft2 (280m2)",Greater Manchester
1010004273,Tesco,Tesco,Tesco Droylsden Superstore,Manchester Road,Droylsden,Manchester,Droylsden,M43 6TQ,-2.148338902,53.48076313,390253.0025,398237.039,Rooftop geocoded by Geolytix,,"15,069 < 30,138 ft2 (1,400 < 2,800 m2)",Greater Manchester
1010016067,Tesco,Tesco Express,Tesco Beswick Express,80 Grey Mare Lane,,Manchester,Beswick,M11 3DS,-2.19689367,53.47915653,387030.1997,398066.1126,Rooftop geocoded by Geolytix,20200199,"< 3,013 ft2 (280m2)",Greater Manchester
1010000801,Asda,Asda Superstore,Asda Reddish Superstore,Manchester Road,,Manchester,Reddish,SK4 1TN,-2.162861343,53.42104138,389274.0325,391594.899,Rooftop geocoded by Geolytix,,"15,069 < 30,138 ft2 (1,400 < 2,800 m2)",Greater Manchester
1010004270,Tesco,Tesco,Tesco East Didsbury Superstore,Parrs Wood Lane,,Manchester,Didsbury,M20 5NP,-2.219588794,53.4121066,385501.0025,390610.999,Rooftop geocoded by Geolytix,,"15,069 < 30,138 ft2 (1,400 < 2,800 m2)",Greater Manchester
1010014618,Sainsburys,Sainsburys Local,Sainsburys Manchester Greengate Local,1c Greengate,,Manchester,Salford,M3 7FA,-2.246295134,53.48595065,383754.1939,398832.1862,Rooftop geocoded by Geolytix,20179999,"< 3,013 ft2 (280m2)",Greater Manchester
1010012753,Sainsburys,Sainsburys Local,Sainsburys Manchester First Street Local,Isabella Banks Street,First Street,Manchester,Central Manchester,M15 4RL,-2.24801141,53.47342513,383635.4555,397439.0704,Rooftop geocoded by Geolytix,20159999,"< 3,013 ft2 (280m2)",Greater Manchester
1010005206,Tesco,Tesco Express,Tesco Manchester Oxford Road Express,Oxford House,Oxford Road,Manchester,Central Manchester,M1 7ED,-2.238330407,53.47208982,384277.5425,397288.319,Rooftop geocoded by Geolytix,,"< 3,013 ft2 (280m2)",Greater Manchester
1010017473,Spar,Spar,Spar - Oxford Road,2 Oxford Road,,Manchester,Central Manchester,M1 5QA,-2.240197159,53.47332961,384154.0967,397426.6663,Rooftop geocoded by Geolytix,,"< 3,013 ft2 (280m2)",Greater Manchester
1010018797,Morrisons,Morrisons Daily,Morrisons Daily Manchester Ducie Street,22 Ducie Street,,Manchester,Central Manchester,M1 2DP,-2.230349975,53.47962999,384809.9799,398125.4482,Rooftop geocoded by Geolytix,,"< 3,013 ft2 (280m2)",Greater Manchester
1010013717,The Co-operative Group,The Co-operative Food,Co-op Cypress Place,Unit 2 Cypress Place,Green Quarter,Manchester,Cheetham,M4 4EX,-2.240388151,53.48954162,384147.5077,399230.3567,Rooftop geocoded by Geolytix,,"3,013 < 15,069 ft2 (280 < 1,400 m2)",Greater Manchester
1010000284,Aldi,Aldi,Aldi Heaton Chapel Manchester,Weybrook Road,,Manchester,Heaton Chapel,M19 2QD,-2.181985112,53.43395191,388006.7825,393034.309,Rooftop geocoded by Geolytix,,"3,013 < 15,069 ft2 (280 < 1,400 m2)",Greater Manchester
1010002105,Marks and Spencer,Marks and Spencer Hospital,M&S Manchester Royal Infirmary,Manchester Royal Infirmary,Oxford Road,Manchester,Chorlton upon Medlock,M13 9WL,-2.224309865,53.46146205,385204.4725,396102.919,Rooftop geocoded by Geolytix,,"< 3,013 ft2 (280m2)",Greater Manchester
1010017548,Spar,Spar,Spar - Hulme,Unit 1 28 Higher Cambridge Street,,Manchester,Chorlton upon Medlock,M15 6AA,-2.239735551,53.46780303,384182.6668,396811.7112,Rooftop geocoded by Geolytix,,"< 3,013 ft2 (280m2)",Greater Manchester
1010006015,Tesco,Tesco Express Esso,Tesco Manchester Ardwick Green Esso Express,Ardwick Green South,,Manchester,Chorlton upon Medlock,M13 9XF,-2.223816123,53.47038126,385240.3725,397095.109,Rooftop geocoded by Geolytix,,"< 3,013 ft2 (280m2)",Greater Manchester
1010002705,Morrisons,Morrisons,Morrisons Chorlton upon Medlock Manchester,Grafton Street,Off Oxford Road,Manchester,Chorlton upon Medlock,M13 9NU,-2.229482325,53.46333872,384861.7225,396312.799,Rooftop geocoded by Geolytix,,"3,013 < 15,069 ft2 (280 < 1,400 m2)",Greater Manchester
1010017657,Spar,Spar,Spar - Euro Garage Fallowfield,32 Wilbraham Road,,Manchester,Fallowfield,M14 7DW,-2.228358199,53.44370874,384929.3541,394128.6583,Rooftop geocoded by Geolytix,,"< 3,013 ft2 (280m2)",Greater Manchester
1010018796,Morrisons,Morrisons Daily,Morrisons Daily Manchester Stretford Road,333 Stretford Road,,Manchester,Hulme,M15 4AY,-2.251825003,53.46673442,383379.6937,396695.593,Rooftop geocoded by Geolytix,,"< 3,013 ft2 (280m2)",Greater Manchester
1010014516,The Co-operative Group,The Co-operative Food,Co-op Salford - Chapel Street,Unit 1 Vimto Gardens,,Manchester,Salford,M3 5JF,-2.262081428,53.48310941,382705.512,398519.827,Rooftop geocoded by Geolytix,,"< 3,013 ft2 (280m2)",Greater Manchester
1010014517,The Co-operative Group,The Co-operative Food,Co-op Hulme - Birley Fields,Stretford Road,,Manchester,Hulme,M15 5JH,-2.24738212,53.46759099,383674.9709,396789.8564,Rooftop geocoded by Geolytix,,"3,013 < 15,069 ft2 (280 < 1,400 m2)",Greater Manchester
1010007215,Lidl,Lidl,Lidl Pendleton Manchester,68 Fitzwarren Street,,Manchester,Pendleton,M6 5JE,-2.291092062,53.48683473,380782.0424,398941.759,Rooftop geocoded by Geolytix,,"3,013 < 15,069 ft2 (280 < 1,400 m2)",Greater Manchester
1010005224,Tesco,Tesco Express,Tesco Manchester Bailey Express,New Bailey Street,,Manchester,Salford,M3 5EU,-2.253518009,53.48249459,383273.5425,398449.369,Rooftop geocoded by Geolytix,,"< 3,013 ft2 (280m2)",Greater Manchester
1010000723,Asda,Asda Superstore,Asda Hulme Superstore,100 Princess Road,,Manchester,Hulme,M15 5AS,-2.246176133,53.46104288,383752.5125,396061.079,Rooftop geocoded by Geolytix,,"30,138 ft2 > (2,800 m2)",Greater Manchester
1010001836,Marks and Spencer,Marks and Spencer MSA,M&S Birch West M62 Moto SF,Junction 18-19 M62 Westbound,,"Birch, Greater Manchester",,OL10 2RB,-2.231033298,53.56735808,384796.3125,407885.749,Rooftop geocoded by Geolytix,,"< 3,013 ft2 (280m2)",Greater Manchester
1010005214,Tesco,Tesco Express,Tesco Prestwich Bury Express,456-462 Bury Old Road,Prestwich,Manchester,Prestwich,M25 1NL,-2.275014941,53.53739017,381870.5625,404562.029,Rooftop geocoded by Geolytix,,"< 3,013 ft2 (280m2)",Greater Manchester
1010009212,The Co-operative Group,The Co-operative Food,Co-op Blackley,Old Market Street,Blackley,Manchester,Blackley,M9 8DX,-2.221695258,53.52271232,385399.2861,402916.7154,Rooftop geocoded by Geolytix,,"< 3,013 ft2 (280m2)",Greater Manchester
1010007978,The Co-operative Group,The Co-operative Food,Co-op Parr Lane - Bury,Former Dragon Public House,376 Parr Lane,Manchester,Whitefield,BL9 8LU,-2.282057634,53.55600146,381412.0084,406634.4523,Rooftop geocoded by Geolytix,,"< 3,013 ft2 (280m2)",Greater Manchester
1010017487,Spar,Spar,Spar - Blackley,162 Hill Lane,,Manchester,Higher Blackley,M9 6RL,-2.214062361,53.53067453,385908.0031,403800.9994,Rooftop geocoded by Geolytix,,"< 3,013 ft2 (280m2)",Greater Manchester
1010005212,Tesco,Tesco Express,Tesco Middleton Langley Express,Wood Street,,"Middleton, Greater Manchester",Langley,M24 5RA,-2.210216656,53.55474121,386170.8325,406477.779,Rooftop geocoded by Geolytix,,"< 3,013 ft2 (280m2)",Greater Manchester
1010001037,Asda,Asda Supermarket,Asda Higher Broughton Supermarket,Great Cheetham Street,Salford,Manchester,Broughton,M7 4UF,-2.254169742,53.50347151,383238.6225,400783.289,Rooftop geocoded by Geolytix,,"3,013 < 15,069 ft2 (280 < 1,400 m2)",Greater Manchester
1010007213,Lidl,Lidl,Lidl Newton Heath Manchester,Old Church Street,,Manchester,Newton Heath,M40 2JE,-2.181691816,53.50180917,388045.5325,400583.629,Rooftop geocoded by Geolytix,,"3,013 < 15,069 ft2 (280 < 1,400 m2)",Greater Manchester
1010011099,Iceland,Iceland,Iceland Prestwich,16 Longfield Centre,,Manchester,Prestwich,M25 1AY,-2.283688117,53.53270448,381293.6625,404042.979,Rooftop geocoded by Geolytix,,"3,013 < 15,069 ft2 (280 < 1,400 m2)",Greater Manchester
1010001035,Asda,Asda Supermarket,Asda Newton Heath Supermarket,Old Church Street,Newton Heath,Manchester,Newton Heath,M40 2JL,-2.17920147,53.50027951,388210.2925,400413.029,Rooftop geocoded by Geolytix,,"3,013 < 15,069 ft2 (280 < 1,400 m2)",Greater Manchester
1010000296,Aldi,Aldi,Aldi Failsworth Manchester,Sisson Street,,Manchester,Failsworth,M35 0AT,-2.158865397,53.50997328,389561.6725,401488.299,Rooftop geocoded by Geolytix,,"3,013 < 15,069 ft2 (280 < 1,400 m2)",Greater Manchester
1010012996,Farmfoods,Farmfoods,Farmfoods Blackley Manchester,Unit 6 Harpurhey Shopping Centre,,Manchester,Blackley,M9 4DJ,-2.211409406,53.51256315,386077.8725,401785.499,Rooftop geocoded by Geolytix,,"3,013 < 15,069 ft2 (280 < 1,400 m2)",Greater Manchester
1010011378,Iceland,Iceland,Iceland Harpurhey,Unit B North City Shopping Centre,Lee Road,Manchester,Blackley,M9 4DH,-2.212016585,53.5126987,386037.6525,401800.699,Rooftop geocoded by Geolytix,,"3,013 < 15,069 ft2 (280 < 1,400 m2)",Greater Manchester
1010007216,Lidl,Lidl,Lidl Blackley Manchester,Upper Conran Street,Harpurhey,Manchester,Blackley,M9 4DA,-2.209548183,53.51199369,386201.1125,401721.779,Rooftop geocoded by Geolytix,,"3,013 < 15,069 ft2 (280 < 1,400 m2)",Greater Manchester
1010013143,Farmfoods,Farmfoods,Farmfoods Newton Heath Manchester,Oldham Road,,Manchester,Newton Heath,M40 1EZ,-2.17907849,53.50289541,388219.1825,400704.039,Rooftop geocoded by Geolytix,,"3,013 < 15,069 ft2 (280 < 1,400 m2)",Greater Manchester
1010011433,Iceland,Iceland,Iceland Newton Heath,Old Church Street,,Manchester,Newton Heath,M40 2JF,-2.179555993,53.50041111,388186.8125,400427.729,Rooftop geocoded by Geolytix,,"3,013 < 15,069 ft2 (280 < 1,400 m2)",Greater Manchester
1010019057,Lidl,Lidl,Lidl Manchester Cheetham Hill Rd,Cheetham Hill Rd,,Manchester,Cheetham,M8 0SN,-2.237545182,53.49907851,384339.6802,400290.7417,Rooftop geocoded by Geolytix,20210225,"3,013 < 15,069 ft2 (280 < 1,400 m2)",Greater Manchester
1010014362,Budgens,Budgens,Budgens Sedgeley Manchester,Middleton Road,,Manchester,Sedgeley,M8 4LY,-2.247447865,53.52785182,383693.9056,403494.1358,Rooftop geocoded by Geolytix,,"3,013 < 15,069 ft2 (280 < 1,400 m2)",Greater Manchester
1010000288,Aldi,Aldi,Aldi Eastway Rhodes Middleton,Eastway,,"Middleton, Greater Manchester",Middleton Central,M24 5AS,-2.199106639,53.55067532,386905.5925,406023.309,Rooftop geocoded by Geolytix,,"3,013 < 15,069 ft2 (280 < 1,400 m2)",Greater Manchester
1010003643,Sainsburys,Sainsburys Local,Sainsburys Manchester Sedgley Park Local,25 Bury New Road,Prestwich,Manchester,Sedgeley,M25 9JY,-2.272099127,53.51860716,382055.8225,402471.589,Rooftop geocoded by Geolytix,,"< 3,013 ft2 (280m2)",Greater Manchester
1010010465,Tesco,Tesco,Tesco Blackley Manchester Superstore,Victoria Avenue East,,Manchester,Higher Blackley,M9 6HP,-2.206725186,53.53241942,386394.9225,403993.689,Rooftop geocoded by Geolytix,,"15,069 < 30,138 ft2 (1,400 < 2,800 m2)",Greater Manchester
1010002396,Morrisons,Morrisons,Morrisons Whitefield Manchester,5 Stanley Road,Whitefield,Manchester,Whitefield,M45 8QH,-2.29537079,53.55205546,380528.2325,406199.019,Rooftop geocoded by Geolytix,,"30,138 ft2 > (2,800 m2)",Greater Manchester
1010002465,Morrisons,Morrisons,Morrisons New Moston Manchester,Tweedale Way,Chadderton,Manchester,New Moston,OL9 7LD,-2.154138666,53.52183247,389878.0025,402806.999,Rooftop geocoded by Geolytix,,"30,138 ft2 > (2,800 m2)",Greater Manchester
1010017761,Spar,Spar,Spar - Stanycliffe Lane Middleton,62 62 Stanycliffe Lane,,"Middleton, Greater Manchester",Hollins,M24 2PB,-2.182443796,53.55965354,388012.1554,407019.2233,Rooftop geocoded by Geolytix,,"< 3,013 ft2 (280m2)",Greater Manchester
1010002394,Morrisons,Morrisons,Morrisons Failsworth Manchester,Poplar Street,Failsworth,Manchester,Failsworth,M35 0HY,-2.169528644,53.50432917,388853.0025,400861.999,Rooftop geocoded by Geolytix,,"30,138 ft2 > (2,800 m2)",Greater Manchester
1010006231,Tesco,Tesco Extra,Tesco Failsworth Extra,Ashton Road West,Failsworth,Manchester,Failsworth,M35 0EJ,-2.15855343,53.50852386,389582.0025,401326.999,Rooftop geocoded by Geolytix,,"30,138 ft2 > (2,800 m2)",Greater Manchester
1010004271,Tesco,Tesco,Tesco Prestwich Superstore,Valley Park Road,Prestwich,Manchester,Prestwich,M25 3TG,-2.290066476,53.53517013,380872.0025,404318.999,Rooftop geocoded by Geolytix,,"30,138 ft2 > (2,800 m2)",Greater Manchester
1010000290,Aldi,Aldi,Aldi Whitefield Manchester,Higher Lane,,Manchester,Whitefield,M25 7EA,-2.291840141,53.54323127,380758.1225,405216.319,Rooftop geocoded by Geolytix,,"3,013 < 15,069 ft2 (280 < 1,400 m2)",Greater Manchester
1010005211,Tesco,Tesco Express,Tesco Middleton Oldham Road Express,408 Oldham Road,,"Middleton, Greater Manchester",Moorclose,M24 2FA,-2.178038613,53.55079316,388301.4925,406032.719,Rooftop geocoded by Geolytix,,"< 3,013 ft2 (280m2)",Greater Manchester
1010003070,Sainsburys,Sainsburys,Sainsburys Heaton Park,Heaton Park Road,,Manchester,Higher Blackley,M9 0QS,-2.23649236,53.53790714,384423.8725,404610.369,Rooftop geocoded by Geolytix,,"30,138 ft2 > (2,800 m2)",Greater Manchester
1010002006,Marks and Spencer,Marks and Spencer Simply Food,M&S Cheetham Hill Manchester SF,Manchester Fort Shopping Park,Cheetham Hill Road,Manchester,Cheetham,M8 8EP,-2.23691157,53.4970155,384380.9476,400061.0826,Rooftop geocoded by Geolytix,,"3,013 < 15,069 ft2 (280 < 1,400 m2)",Greater Manchester
1010002004,Marks and Spencer,Marks and Spencer Simply Food,M&S Prestwich SF,492 Bury New Road,Prestwich,Manchester,Prestwich,M25 3AN,-2.28559378,53.53398905,381167.9225,404186.399,Rooftop geocoded by Geolytix,,"3,013 < 15,069 ft2 (280 < 1,400 m2)",Greater Manchester
1010017716,Spar,Spar,Spar - Whitefield,Unit 5 Ribble Drive,,Manchester,Whitefield,M45 8NE,-2.275982131,53.55151008,381812.553,406133.1857,Rooftop geocoded by Geolytix,,"< 3,013 ft2 (280m2)",Greater Manchester
1010000287,Aldi,Aldi,Aldi Kemp Street Rhodes Middleton,Kemp Street,,"Middleton, Greater Manchester",Middleton Central,M24 4FH,-2.204683248,53.54829971,386535.3525,405760.059,Rooftop geocoded by Geolytix,,"15,069 < 30,138 ft2 (1,400 < 2,800 m2)",Greater Manchester
1010010461,Tesco,Tesco Extra,Tesco Middleton Extra,Barton Road,,"Middleton, Greater Manchester",Middleton Central,M24 1UQ,-2.196476871,53.54932207,387079.4125,405872.269,Rooftop geocoded by Geolytix,,"30,138 ft2 > (2,800 m2)",Greater Manchester
1010000867,Asda,Asda Living,Asda Living Manchester,Unit 4&5 Manchester Fort,Cheetham Hill Road,Manchester,Cheetham,M8 8EP,-2.232813088,53.49804857,384653.2125,400175.119,Rooftop geocoded by Geolytix,,"15,069 < 30,138 ft2 (1,400 < 2,800 m2)",Greater Manchester
1010000727,Asda,Asda Superstore,Asda Harpurhey Superstore,North City Shopping Centre,,Manchester,Blackley,M9 4DJ,-2.210811607,53.51209923,386117.3625,401733.769,Rooftop geocoded by Geolytix,,"30,138 ft2 > (2,800 m2)",Greater Manchester
1010017515,Spar,Spar,Spar - Higher Blackley,287 Victoria Avenue,,Manchester,Higher Blackley,M9 0NG,-2.22813628,53.53272491,384975.8244,404032.0127,Rooftop geocoded by Geolytix,,"< 3,013 ft2 (280m2)",Greater Manchester
1010017589,Spar,Spar,Spar - Poets Corner Salford,Poets Corner,Seaford Road,Manchester,Charlestown,M6 6FN,-2.2727143,53.49608136,382005.4344,399965.6558,Rooftop geocoded by Geolytix,,"< 3,013 ft2 (280m2)",Greater Manchester
1010011440,Iceland,Iceland,Iceland Middleton,Unit S7 The Arndale Centre,,"Middleton, Greater Manchester",Middleton Central,M24 4EL,-2.201095132,53.54844341,386773.1425,405775.369,Rooftop geocoded by Geolytix,,"3,013 < 15,069 ft2 (280 < 1,400 m2)",Greater Manchester
1010005210,Tesco,Tesco Express,Tesco Alkrington Express,191-195 Kirkway,Alkrington,"Middleton, Greater Manchester",Alkrington,M24 1LW,-2.192613881,53.5372997,387331.7425,404534.019,Rooftop geocoded by Geolytix,,"< 3,013 ft2 (280m2)",Greater Manchester
1010014431,Farmfoods,Farmfoods,Farmfoods Prestwich Manchester,468 Bury New Road,,Manchester,Prestwich,M25 1AX,-2.285325463,53.53344302,381185.4634,404125.5794,Rooftop geocoded by Geolytix,,"3,013 < 15,069 ft2 (280 < 1,400 m2)",Greater Manchester
1010011309,Iceland,Iceland,Iceland Cheetham Hill,20-30 Bury Old Road,,Manchester,Crumpsall,M8 5BN,-2.244928772,53.51239861,383854.9825,401774.319,Rooftop geocoded by Geolytix,,"3,013 < 15,069 ft2 (280 < 1,400 m2)",Greater Manchester
1010004275,Tesco,Tesco,Tesco Cheetham Hill Superstore,Thomas Street,off Bury Old Road,Manchester,Crumpsall,M8 5DP,-2.24378836,53.51343174,383931.0025,401888.999,Rooftop geocoded by Geolytix,,"30,138 ft2 > (2,800 m2)",Greater Manchester
1010014607,Marks and Spencer,Marks and Spencer MSA,M&S Birch East Moto,J18/19 Birch Moto Services,,"Birch, Greater Manchester",,OL10 2HQ,-2.231952605,53.56827518,384735.7603,407987.9798,Rooftop geocoded by Geolytix,,"< 3,013 ft2 (280m2)",Greater Manchester
1010017725,Spar,Spar,Spar - Euro Garage Whitefield,Kirkham Service Station,71- 73 Bury Old Road,Manchester,Prestwich,M45 6TB,-2.285050893,53.54022511,381206.6842,404880.0457,Rooftop geocoded by Geolytix,,"< 3,013 ft2 (280m2)",Greater Manchester
1010017946,Spar,Spar,Spar - Crumpsall,61 Crumpsall Lane,,Manchester,Crumpsall,M8 4ED,-2.241881254,53.51815927,384059.2562,402414.5263,Rooftop geocoded by Geolytix,,"< 3,013 ft2 (280m2)",Greater Manchester
1010017937,Spar,Spar,Spar - Hollins Lane Middleton,231 Hollins Lane,,"Middleton, Greater Manchester",Langley,M24 5LU,-2.204787911,53.56331486,386533.2269,407430.594,Rooftop geocoded by Geolytix,,"< 3,013 ft2 (280m2)",Greater Manchester
1010017732,Spar,Spar,Spar - Euro Garage Shirley,Shirley Service Station,332 Cheetham Hill Road,Manchester,Cheetham,M8 0PL,-2.239261931,53.50712919,384228.8084,401186.7944,Rooftop geocoded by Geolytix,,"< 3,013 ft2 (280m2)",Greater Manchester
1010000289,Aldi,Aldi,Aldi Prestwich Manchester,380 Bury New Road,,Manchester,Prestwich,M25 1AR,-2.282253143,53.53029117,381387.7125,403774.109,Rooftop geocoded by Geolytix,,"3,013 < 15,069 ft2 (280 < 1,400 m2)",Greater Manchester
1010007211,Lidl,Lidl,Lidl Sedgeley Manchester,Bury New Road,14 Sedgley Park,Manchester,Sedgeley,M25 0LD,-2.270534254,53.51771016,382159.2025,402371.399,Rooftop geocoded by Geolytix,,"3,013 < 15,069 ft2 (280 < 1,400 m2)",Greater Manchester
1010006074,Tesco,Tesco Express Esso,Tesco Hazel Grove Esso Express,99 Macclesfield Road,Hazel Grove,Stockport,Hazel Grove South,SK7 6DT,-2.113059966,53.36686323,392574.1425,385561.039,Rooftop geocoded by Geolytix,,"< 3,013 ft2 (280m2)",Greater Manchester
1010017952,Spar,Spar,Spar - Hazel Grove,77-87 Arundel Avenue,Hazel Grove,Stockport,Hazel Grove South,SK7 5LD,-2.127128851,53.372698,391639.1281,386211.7457,Rooftop geocoded by Geolytix,,"< 3,013 ft2 (280m2)",Greater Manchester
1010002049,Marks and Spencer,Marks and Spencer Simply Food,M&S Hazel Grove SF,Commercial Road,Hazel Grove,Stockport,Hazel Grove,SK7 4BE,-2.122841969,53.38294251,391926.3125,387350.969,Rooftop geocoded by Geolytix,,"3,013 < 15,069 ft2 (280 < 1,400 m2)",Greater Manchester
1010000446,Aldi,Aldi,Aldi Offerton Stockport,126 Lisburne Lane,Offerton,Stockport,Offerton,SK2 5RH,-2.123201156,53.39703578,391905.1325,388918.919,Rooftop geocoded by Geolytix,,"3,013 < 15,069 ft2 (280 < 1,400 m2)",Greater Manchester
1010009203,The Co-operative Group,The Co-operative Food,Co-op Great Moor,353 Buxton Road,Great Moor,Stockport,Heaviley,SK2 7NL,-2.135706223,53.38850588,391071.7999,387971.4592,Rooftop geocoded by Geolytix,,"< 3,013 ft2 (280m2)",Greater Manchester
1010003222,Sainsburys,Sainsburys,Sainsburys Hazel Grove,London Road,Hazel Grove,Stockport,Hazel Grove,SK7 4AW,-2.125754849,53.38521386,391733.0025,387603.999,Rooftop geocoded by Geolytix,,"30,138 ft2 > (2,800 m2)",Greater Manchester
1010017953,Spar,Spar,Spar - Offerton,7-9 Turnstone Road,Offerton,Stockport,Offerton Green,SK2 5XT,-2.107006916,53.39088384,392980.9405,388232.7602,Rooftop geocoded by Geolytix,,"< 3,013 ft2 (280m2)",Greater Manchester
1010008847,The Co-operative Group,The Co-operative Food,Co-op Offerton,Bosden Farm Estate,Fulmer Drive Offerton,Stockport,Offerton Green,SK2 5JL,-2.107432161,53.39080471,392952.6465,388223.999,Rooftop geocoded by Geolytix,,"< 3,013 ft2 (280m2)",Greater Manchester
1010017878,Spar,Spar,Spar - Euro Garage Buxton Road,297-309 Buxton Road,,Stockport,Heaviley,SK2 7NR,-2.138160656,53.3892395,390908.7179,388053.3895,Rooftop geocoded by Geolytix,,"< 3,013 ft2 (280m2)",Greater Manchester
1010001088,Asda,Asda Supermarket,Asda Hazel Grove Supermarket,114 London Road,,Stockport,Hazel Grove,SK7 4AG,-2.124859115,53.38183751,391791.9225,387228.269,Rooftop geocoded by Geolytix,,"15,069 < 30,138 ft2 (1,400 < 2,800 m2)",Greater Manchester
1010017581,Spar,Spar,Spar - Cleary Fiveways,10-12 Fiveways Parade,,Stockport,Hazel Grove South,SK7 6DG,-2.114583983,53.36790514,392472.9177,385677.1148,Rooftop geocoded by Geolytix,,"< 3,013 ft2 (280m2)",Greater Manchester
1010000449,Aldi,Aldi,Aldi Hazel Grove Stockport,Commercial Road,Hazel Grove,Stockport,Hazel Grove,SK7 4AA,-2.123913264,53.38309412,391855.0825,387367.959,Rooftop geocoded by Geolytix,,"3,013 < 15,069 ft2 (280 < 1,400 m2)",Greater Manchester
1010009204,The Co-operative Group,The Co-operative Food,Co-op Hall Street,156 Hall Street,Offerton,Stockport,Offerton,SK1 4HR,-2.140134025,53.40535918,390781.0025,389846.999,Rooftop geocoded by Geolytix,,"< 3,013 ft2 (280m2)",Greater Manchester
1010017655,Spar,Spar,Spar - Euro Garage Hazel Grove,Hazel Grove Service Station,Buxton Road,Stockport,Hazel Grove South,SK7 6NF,-2.109026958,53.37351173,392843.6395,386300.2791,Rooftop geocoded by Geolytix,,"< 3,013 ft2 (280m2)",Greater Manchester
1010017846,Spar,Spar,Spar - Davenport,209 Bramhall Lane,,Stockport,Heaviley,SK2 6JD,-2.15245633,53.39307253,389958.8655,388481.7615,Rooftop geocoded by Geolytix,,"< 3,013 ft2 (280m2)",Greater Manchester
1010009211,The Co-operative Group,The Co-operative Food,Co-op Stockport - Wellington Road,Mansion House,Wellington Road,Stockport,Central Stockport,SK1 3UA,-2.156352723,53.40196052,389701.9206,389471.1337,Rooftop geocoded by Geolytix,,"< 3,013 ft2 (280m2)",Greater Manchester
1010013326,Heron,Cooltrader,Cooltrader Edgeley Stockport,1-3 The Precinct,,Stockport,Central Stockport,SK3 9AB,-2.167386341,53.4019135,388968.3125,389467.569,Rooftop geocoded by Geolytix,,"3,013 < 15,069 ft2 (280 < 1,400 m2)",Greater Manchester
1010007713,The Co-operative Group,The Co-operative Food,Co-op Edgeley,84 Castle Street,Edgeley,Stockport,Central Stockport,SK3 9AL,-2.167624982,53.40186238,388952.4325,389461.919,Rooftop geocoded by Geolytix,,"3,013 < 15,069 ft2 (280 < 1,400 m2)",Greater Manchester
1010006305,Tesco,Tesco Extra,Tesco Stockport Extra,Tiviot Way,Portwood,Stockport,Central Stockport,SK1 2BT,-2.153410661,53.41645268,389901.0025,391082.999,Rooftop geocoded by Geolytix,,"30,138 ft2 > (2,800 m2)",Greater Manchester
1010002543,Morrisons,Morrisons,Morrisons Stockport,Edgeley Road,Cheadle Heath,Stockport,Central Stockport,SK3 0RJ,-2.188926605,53.40139081,387536.0025,389412.999,Rooftop geocoded by Geolytix,,"30,138 ft2 > (2,800 m2)",Greater Manchester
1010000799,Asda,Asda Superstore,Asda Stockport Superstore,Warren Street,,Stockport,Central Stockport,SK1 1UA,-2.155925299,53.41244799,389732.8925,390637.829,Rooftop geocoded by Geolytix,,"30,138 ft2 > (2,800 m2)",Greater Manchester
1010000447,Aldi,Aldi,Aldi Stockport Road Stockport,Stockport Road,,Stockport,Central Stockport,SK3 0LX,-2.192797643,53.40138515,387278.6225,389413.059,Rooftop geocoded by Geolytix,,"3,013 < 15,069 ft2 (280 < 1,400 m2)",Greater Manchester
1010014157,Sainsburys,Sainsburys Local,Sainsburys Stockport Station Grand Central Square Local,Grand Central Square,,Stockport,Central Stockport,SK1 3TA,-2.161595624,53.40581599,389354.3069,389900.8414,Rooftop geocoded by Geolytix,20179999,"< 3,013 ft2 (280m2)",Greater Manchester
1010017954,Spar,Spar,Spar - Bramhall,77-81 North Park Road,Bramhall,Stockport,Bramhall Green,SK7 3LQ,-2.164402848,53.38086135,389161.2739,387125.0081,Rooftop geocoded by Geolytix,,"< 3,013 ft2 (280m2)",Greater Manchester
1010017750,Spar,Spar,Spar - Euro Garage Great Moor,Great Moor Service Station,172- 6 Buxton Road,Stockport,Heaviley,SK2 6HA,-2.1472957,53.39339283,390302.1272,388516.6736,Rooftop geocoded by Geolytix,,"< 3,013 ft2 (280m2)",Greater Manchester
1010000440,Aldi,Aldi,Aldi Newbridge Lane Stockport,Newbridge Lane,,Stockport,Central Stockport,SK1 2NA,-2.15284549,53.41073894,389937.2025,390447.249,Rooftop geocoded by Geolytix,,"3,013 < 15,069 ft2 (280 < 1,400 m2)",Greater Manchester
1010017613,Spar,Spar,Spar - Euro Garage Stockport,Grosvenor,Wellington New Road,Stockport,Central Stockport,SK1 3UA,-2.156877504,53.40278541,389667.2313,389562.9817,Rooftop geocoded by Geolytix,,"< 3,013 ft2 (280m2)",Greater Manchester
1010005631,Tesco,Tesco Express,Tesco Cheadle Stockport Road Express,283 Stockport Road,,Stockport,Central Stockport,SK3 0PW,-2.196480815,53.39880086,387032.9425,389126.219,Rooftop geocoded by Geolytix,,"< 3,013 ft2 (280m2)",Greater Manchester
1010014146,Lidl,Lidl,Lidl Central Stockport Stockport,Hempshaw Lane,,Stockport,Central Stockport,SK1 4LG,-2.148049787,53.40213853,390254.0018,389489.7582,Rooftop geocoded by Geolytix,20179999,"15,069 < 30,138 ft2 (1,400 < 2,800 m2)",Greater Manchester
1010000367,Aldi,Aldi,Aldi Shaw Oldham,1 Refuge Street,,Oldham,Shaw,OL2 8RH,-2.093620291,53.57523612,393898.2225,408741.449,Rooftop geocoded by Geolytix,,"3,013 < 15,069 ft2 (280 < 1,400 m2)",Greater Manchester
1010011467,Iceland,Iceland,Iceland Shaw,17-25 Market Street,,Oldham,Shaw,OL2 8NR,-2.093367943,53.57708396,393915.2025,408947.009,Rooftop geocoded by Geolytix,,"3,013 < 15,069 ft2 (280 < 1,400 m2)",Greater Manchester
1010005412,Tesco,Tesco Express,Tesco Shaw Express,60-62 Market Street,Shaw,Oldham,Shaw,OL2 8NH,-2.094262066,53.57643079,393855.9025,408874.419,Rooftop geocoded by Geolytix,,"< 3,013 ft2 (280m2)",Greater Manchester
1010000918,Asda,Asda Supercentre,Asda Shaw Supercentre,Greenfield Lane,,Oldham,Shaw,OL2 8QP,-2.091247774,53.57606956,394055.4425,408833.969,Rooftop geocoded by Geolytix,,"30,138 ft2 > (2,800 m2)",Greater Manchester
1010001062,Asda,Asda Supermarket,Asda Oldham Hollins Road Supermarket,Hollins Road,,Oldham,Werneth,OL8 4JZ,-2.134633514,53.51994261,391170.8025,402594.119,Rooftop geocoded by Geolytix,,"3,013 < 15,069 ft2 (280 < 1,400 m2)",Greater Manchester
1010007280,Lidl,Lidl,Lidl Werneth Oldham,Jardine Way,,Oldham,Werneth,OL9 9QL,-2.155259946,53.53246174,389806.2425,403989.719,Rooftop geocoded by Geolytix,,"3,013 < 15,069 ft2 (280 < 1,400 m2)",Greater Manchester
1010001060,Asda,Asda Supermarket,Asda Oldham Huddersfield Road Supermarket,Huddersfield Road,,Oldham,Greenacres,OL4 2RB,-2.084028179,53.54812067,394529.8125,405723.909,Rooftop geocoded by Geolytix,,"3,013 < 15,069 ft2 (280 < 1,400 m2)",Greater Manchester
1010011192,Iceland,Iceland,Iceland Oldham,11 Albion Street,,Oldham,Central Oldham,OL1 3BB,-2.113787088,53.54292653,392557.0825,405148.779,Rooftop geocoded by Geolytix,,"3,013 < 15,069 ft2 (280 < 1,400 m2)",Greater Manchester
1010013322,Heron,Heron,Heron Chadderton Oldham,Unit 7-9 Chadderton Shopping Centre,,Oldham,Chadderton,OL9 0LQ,-2.140956485,53.54571655,390757.2525,405462.409,Rooftop geocoded by Geolytix,,"3,013 < 15,069 ft2 (280 < 1,400 m2)",Greater Manchester
1010017895,Spar,Spar,Spar - Royton,Oldham Road,,Oldham,Royton,OL2 5AS,-2.120771836,53.55565966,392096.6284,406566.1713,Rooftop geocoded by Geolytix,,"< 3,013 ft2 (280m2)",Greater Manchester
1010013976,Lidl,Lidl,Lidl Royton Oldham,High Street,,Oldham,Royton,OL2 5QA,-2.123235016,53.56609724,391935.4625,407727.689,Rooftop geocoded by Geolytix,20169999,"3,013 < 15,069 ft2 (280 < 1,400 m2)",Greater Manchester
1010013168,Heron,Heron,Heron Werneth Oldham,12-16 High Street,,Oldham,Werneth,OL1 1JA,-2.113368038,53.54174667,392584.6425,405017.469,Rooftop geocoded by Geolytix,,"3,013 < 15,069 ft2 (280 < 1,400 m2)",Greater Manchester
1010000872,Asda,Asda Living,Asda Living Oldham,Unit 2&3 Elk Mill Central Retail,,Oldham,Royton,OL2 5HX,-2.138779578,53.55893869,390904.3725,406933.159,Rooftop geocoded by Geolytix,,"15,069 < 30,138 ft2 (1,400 < 2,800 m2)",Greater Manchester
1010005416,Tesco,Tesco Express,Tesco Oldham Ashton Express,385 Ashton Road,,Oldham,Hathershaw,OL8 2NA,-2.110873443,53.52639114,392747.2925,403308.829,Rooftop geocoded by Geolytix,,"< 3,013 ft2 (280m2)",Greater Manchester
1010012874,Farmfoods,Farmfoods,Farmfoods Chadderton Oldham,521 Middleton Road,,Oldham,Chadderton,OL9 9SH,-2.140894969,53.5446906,390761.1025,405348.259,Rooftop geocoded by Geolytix,,"3,013 < 15,069 ft2 (280 < 1,400 m2)",Greater Manchester
1010003131,Sainsburys,Sainsburys,Sainsburys Oldham,60 Union Stree,,Oldham,Werneth,OL1 1DJ,-2.111605566,53.53947041,392701.0425,404764.039,Rooftop geocoded by Geolytix,,"30,138 ft2 > (2,800 m2)",Greater Manchester
1010007539,Costco,Costco,Costco Oldham,The Broadway,,Oldham,Werneth,OL9 8AU,-2.159328524,53.52917311,389535.7425,403624.439,Rooftop geocoded by Geolytix,,"30,138 ft2 > (2,800 m2)",Greater Manchester
1010016903,Spar,Spar,Spar - Platinum Retail - Marsland Service Station Ltd,289 Manchester Street,,Oldham,Werneth,OL8 1SY,-2.126720275,53.53747199,391698.952,404543.3842,Rooftop geocoded by Geolytix,,"< 3,013 ft2 (280m2)",Greater Manchester
1010009847,The Co-operative Group,The Co-operative Food,Co-op The Grotton,Oldham Road,Grotton,Oldham,Lees,OL4 5SE,-2.054777779,53.53739745,396467.0025,404528.999,Rooftop geocoded by Geolytix,,"3,013 < 15,069 ft2 (280 < 1,400 m2)",Greater Manchester
1010009295,The Co-operative Group,The Co-operative Food,Co-op Royton - Rochdale Road,Rochdale Road,Royton,Oldham,Royton,OL2 5PT,-2.122567019,53.56556109,391979.6019,407667.963,Rooftop geocoded by Geolytix,,"3,013 < 15,069 ft2 (280 < 1,400 m2)",Greater Manchester
1010017512,Spar,Spar,Spar - Limehurst,3 Limegreen Parade,,Oldham,Werneth,OL8 3HH,-2.126066302,53.51547468,391737.9556,402095.999,Rooftop geocoded by Geolytix,,"< 3,013 ft2 (280m2)",Greater Manchester
1010017969,Spar,Spar,Spar - Hollinwood,Hollins Rd,,Oldham,Werneth,OL8 4EH,-2.123090666,53.52314996,391936.749,402949.5644,Rooftop geocoded by Geolytix,,"< 3,013 ft2 (280m2)",Greater Manchester
1010014066,Iceland,The Food Warehouse,Iceland Oldham Food Warehouse,Unit B2 Alexandra Retail Park,,Oldham,Central Oldham,OL4 1SA,-2.110171533,53.53717825,392795.6846,404508.8764,Rooftop geocoded by Geolytix,,"3,013 < 15,069 ft2 (280 < 1,400 m2)",Greater Manchester
1010009200,The Co-operative Group,The Co-operative Food,Co-op Cathedral Road,90 Cathedral Road,Chadderton,Oldham,Chadderton,OL9 0RG,-2.154327178,53.55317494,389873.0707,406294.0336,Rooftop geocoded by Geolytix,,"< 3,013 ft2 (280m2)",Greater Manchester
1010010251,The Co-operative Group,The Co-operative Food,Co-op Lees,Owl Mill Street,Lees,Oldham,Lees,OL4 3BP,-2.074210347,53.53898226,395179.2725,404706.489,Rooftop geocoded by Geolytix,,"3,013 < 15,069 ft2 (280 < 1,400 m2)",Greater Manchester
1010000765,Asda,Asda Superstore,Asda Chadderton Superstore,Milne Street,Chadderton,Oldham,Chadderton,OL9 0JE,-2.139777473,53.54642559,390835.5325,405541.139,Rooftop geocoded by Geolytix,,"30,138 ft2 > (2,800 m2)",Greater Manchester
1010000369,Aldi,Aldi,Aldi Chadderton Oldham,Gateway Retail Park,Ellen Street,Oldham,Chadderton,OL9 6QR,-2.127739291,53.54806012,391633.5325,405721.489,Rooftop geocoded by Geolytix,,"3,013 < 15,069 ft2 (280 < 1,400 m2)",Greater Manchester
1010004312,Tesco,Tesco,Tesco Oldham Chadderton Superstore,Featherstall Road North,,Oldham,Chadderton,OL9 6BW,-2.125947883,53.54558655,391751.7425,405446.079,Rooftop geocoded by Geolytix,,"30,138 ft2 > (2,800 m2)",Greater Manchester
1010006262,Tesco,Tesco Extra,Tesco Oldham Huddersfield Road Extra,Huddersfield Road,,Oldham,Greenacres,OL1 3LG,-2.091007817,53.54570748,394067.0025,405455.999,Rooftop geocoded by Geolytix,,"30,138 ft2 > (2,800 m2)",Greater Manchester
1010009979,The Co-operative Group,The Co-operative Food,Co-op Moorside Oldham,Ripponden Road,Moorside,Oldham,Sholver,OL4 2LN,-2.075599551,53.56197312,395089.9292,407264.4421,Rooftop geocoded by Geolytix,,"< 3,013 ft2 (280m2)",Greater Manchester
1010009077,The Co-operative Group,The Co-operative Food,Co-op Rooley Moor Road,249-251 Rooley Moor Road,,Rochdale,Shawclough,OL12 7EA,-2.180837241,53.62616273,388137.3991,414418.4989,Rooftop geocoded by Geolytix,,"< 3,013 ft2 (280m2)",Greater Manchester
1010005408,Tesco,Tesco Express,Tesco Rochdale Bamford Express,Unit A1 Bamford Village Precinct,Norden Road,Rochdale,Shawfield,OL11 5PN,-2.207351821,53.61468736,386380.0725,413146.5791,Rooftop geocoded by Geolytix,,"< 3,013 ft2 (280m2)",Greater Manchester
1010016142,Marks and Spencer,Marks and Spencer,M&S Rochdale Riverside,Unit 14 Rochdale Riverside,,Rochdale,Central Rochdale,OL16 1BE,-2.153058982,53.61829583,389972.6925,413538.9373,Rooftop geocoded by Geolytix,20200406,"3,013 < 15,069 ft2 (280 < 1,400 m2)",Greater Manchester
1010011105,Iceland,Iceland,Iceland Kirkholt Rochdale,Kwiksave Precinct,Wellith Lane Off Queensway,Rochdale,Kirkholt,OL11 1BL,-2.149519653,53.60447757,390203.5825,412001.0691,Rooftop geocoded by Geolytix,,"3,013 < 15,069 ft2 (280 < 1,400 m2)",Greater Manchester
1010009845,The Co-operative Group,The Co-operative Food,Co-op Rochdale,Cutgate Shopping Centre,Edenfield Road,Rochdale,Shawclough,OL11 5AQ,-2.189203671,53.62239624,387582.9505,414000.8928,Rooftop geocoded by Geolytix,,"3,013 < 15,069 ft2 (280 < 1,400 m2)",Greater Manchester
1010001059,Asda,Asda Supermarket,Asda Rochdale Kingsway Supermarket,Unit 2 Kingsway Retail Park,,Rochdale,Belfield,OL16 5AF,-2.128283468,53.61540438,391611.0025,413213.9991,Rooftop geocoded by Geolytix,,"3,013 < 15,069 ft2 (280 < 1,400 m2)",Greater Manchester
1010014067,Iceland,The Food Warehouse,Iceland Rochdale Food Warehouse,Unit 5 Kingsway Retail Park,,Rochdale,Belfield,OL16 5AF,-2.128317807,53.61508607,391608.6668,413178.5887,Rooftop geocoded by Geolytix,,"3,013 < 15,069 ft2 (280 < 1,400 m2)",Greater Manchester
1010015971,Iceland,The Food Warehouse,Iceland Rochdale 2 Food Warehouse,Unit A Haynes Street,,Rochdale,Central Rochdale,OL12 0UW,-2.152759975,53.62229999,389993.4296,413984.3843,Rooftop geocoded by Geolytix,,"3,013 < 15,069 ft2 (280 < 1,400 m2)",Greater Manchester
1010013033,Farmfoods,Farmfoods,Farmfoods Rochdale,93-94 Yorkshire Street,,Rochdale,Central Rochdale,OL16 1DW,-2.155818543,53.61933626,389790.4025,413655.0891,Rooftop geocoded by Geolytix,,"3,013 < 15,069 ft2 (280 < 1,400 m2)",Greater Manchester
1010005410,Tesco,Tesco Express,Tesco Rochdale Edenfield Express,Edenfield Road,,Rochdale,Shawclough,OL12 7PD,-2.191908462,53.62314673,387404.2725,414084.8691,Rooftop geocoded by Geolytix,,"< 3,013 ft2 (280m2)",Greater Manchester
1010002464,Morrisons,Morrisons,Morrisons Belfield Rochdale,285 Kingsway,,Rochdale,Belfield,OL16 4AT,-2.135604386,53.61215154,391126.0025,412852.9991,Rooftop geocoded by Geolytix,,"30,138 ft2 > (2,800 m2)",Greater Manchester
1010011057,Iceland,Iceland,Iceland Market Place Rochdale,31 Market Place,Exchange Shopping Centre,Rochdale,Central Rochdale,OL16 1EB,-2.159690953,53.61774491,389533.8525,413478.6091,Rooftop geocoded by Geolytix,,"3,013 < 15,069 ft2 (280 < 1,400 m2)",Greater Manchester
1010005409,Tesco,Tesco Express,Tesco Rochdale Whitworth Road Express,Whitworth Road,,Rochdale,Shawclough,OL12 6ER,-2.159789193,53.63040784,389530.5225,414887.4591,Rooftop geocoded by Geolytix,,"< 3,013 ft2 (280m2)",Greater Manchester
1010000763,Asda,Asda Superstore,Asda Rochdale Superstore,The Old Cricket Ground,,Rochdale,Central Rochdale,OL12 6XT,-2.164982017,53.61598897,389183.3925,413284.0491,Rooftop geocoded by Geolytix,,"30,138 ft2 > (2,800 m2)",Greater Manchester
1010009064,The Co-operative Group,The Co-operative Food,Co-op Norden,645 Edenfield Road,Norden,Rochdale,Shawfield,OL11 5XE,-2.210155792,53.62662619,386198.5026,414475.3956,Rooftop geocoded by Geolytix,,"< 3,013 ft2 (280m2)",Greater Manchester
1010012804,Aldi,Aldi,Aldi Mellor Street Rochdale,Mellor Street,,Rochdale,Central Rochdale,OL12 6XT,-2.167068487,53.61509704,389045.1325,413185.1391,Rooftop geocoded by Geolytix,20150910,"3,013 < 15,069 ft2 (280 < 1,400 m2)",Greater Manchester
1010000366,Aldi,Aldi,Aldi Entwisle Road Rochdale,Entwisle Road,,Rochdale,Central Rochdale,OL16 2HZ,-2.149917057,53.61775406,390180.4025,413478.2191,Rooftop geocoded by Geolytix,,"3,013 < 15,069 ft2 (280 < 1,400 m2)",Greater Manchester
1010007277,Lidl,Lidl,Lidl Central Rochdale Rochdale,Spotland Road,,Rochdale,Central Rochdale,OL12 6TS,-2.161050233,53.61959682,389444.4025,413684.8491,Rooftop geocoded by Geolytix,,"3,013 < 15,069 ft2 (280 < 1,400 m2)",Greater Manchester
1010015876,Budgens,Budgens,Budgens Eagle,Queensway Rochdale,,Rochdale,Kirkholt,OL11 1TJ,-2.152519061,53.60212045,390004.5451,411739.2465,Rooftop geocoded by Geolytix,,"< 3,013 ft2 (280m2)",Greater Manchester
1010018787,Morrisons,Morrisons Daily,Morrisons Daily Rochdale Albert Royds,280 Albert Royds Street,,Rochdale,Belfield,OL16 2UE,-2.132931046,53.62181281,391304.8803,413927.5441,Rooftop geocoded by Geolytix,,"< 3,013 ft2 (280m2)",Greater Manchester
1010018790,Morrisons,Morrisons Daily,Morrisons Daily Norden,Edenfield Road,,Rochdale,Shawfield,OL11 5XR,-2.19809809,53.62218279,386994.5792,413978.7485,Rooftop geocoded by Geolytix,,"< 3,013 ft2 (280m2)",Greater Manchester
1010017579,Spar,Spar,Spar - Euro Garage Manchester New Road,Sudden Service Station,Manchester New Road,Rochdale,Stoneyfield,OL11 3PB,-2.170661591,53.60418814,388804.5175,411972.0195,Rooftop geocoded by Geolytix,,"< 3,013 ft2 (280m2)",Greater Manchester
1010004311,Tesco,Tesco,Tesco Rochdale Superstore,Silk Street,,Rochdale,Stoneyfield,OL11 3ER,-2.173882389,53.60246305,388590.9225,411780.6091,Rooftop geocoded by Geolytix,,"30,138 ft2 > (2,800 m2)",Greater Manchester
1010009843,The Co-operative Group,The Co-operative Food,Co-op Grosvenor Street,1-3 Grosvenor Street,Castleton,Rochdale,Castleton,OL11 2SU,-2.176509485,53.59012426,388413.6673,410408.2716,Rooftop geocoded by Geolytix,,"< 3,013 ft2 (280m2)",Greater Manchester
1010017519,Spar,Spar,Spar - Walmersley,395 Walmersley Road,,Bury,Walmersley,BL9 5EY,-2.293037918,53.61127795,380709.9338,412787.2101,Rooftop geocoded by Geolytix,,"< 3,013 ft2 (280m2)",Greater Manchester
1010013145,Farmfoods,Farmfoods,Farmfoods Fernhill Bury,Unit D Moorgate Retail Park,,Bury,Fernhill,BL9 7AQ,-2.288767092,53.5959581,380985.5725,411081.6291,Rooftop geocoded by Geolytix,,"3,013 < 15,069 ft2 (280 < 1,400 m2)",Greater Manchester
1010011298,Iceland,Iceland,Iceland Bury,112-126 Rochdale Road,,Bury,Fernhill,BL9 7AY,-2.285742576,53.59272374,381184.3025,410720.9791,Rooftop geocoded by Geolytix,,"3,013 < 15,069 ft2 (280 < 1,400 m2)",Greater Manchester
1010001344,Marks and Spencer,Marks and Spencer,M&S Bury The Rock,Unit C The Rock Shopping Centre,,Bury,Fernhill,BL9 0JL,-2.289991809,53.59469515,380903.9425,410941.4491,Rooftop geocoded by Geolytix,,"3,013 < 15,069 ft2 (280 < 1,400 m2)",Greater Manchester
1010013393,Jack Fultons,Fultons Foods,Fultons Bury,2 Princess Parade,,Bury,Central Bury,BL9 0QL,-2.295653724,53.59125971,380527.6125,410560.7791,Rooftop geocoded by Geolytix,,"3,013 < 15,069 ft2 (280 < 1,400 m2)",Greater Manchester
1010000573,Asda,Asda Superstore,Asda Bury Marketside Superstore,Spring Street,,Bury,Central Bury,BL9 0RN,-2.291476932,53.59176666,380804.3125,410616.0391,Rooftop geocoded by Geolytix,,"15,069 < 30,138 ft2 (1,400 < 2,800 m2)",Greater Manchester
1010004036,Tesco,Tesco,Tesco Bury Superstore,Woodfield Retail Park,Peel Way,Bury,Central Bury,BL9 5BY,-2.295278273,53.59736154,380555.2825,411239.5391,Rooftop geocoded by Geolytix,,"30,138 ft2 > (2,800 m2)",Greater Manchester
1010013249,Heron,Heron,Heron Bury,Unit 1 Kay Gardens,,Bury,Central Bury,BL9 0BL,-2.296344118,53.59173079,380482.1325,410613.3791,Rooftop geocoded by Geolytix,,"3,013 < 15,069 ft2 (280 < 1,400 m2)",Greater Manchester
1010007991,The Co-operative Group,The Co-operative Food,Co-op Walmersley,184 Walmersley Road,,Bury,Fernhill,BL9 6LL,-2.290619208,53.60258131,380866.0025,411818.9991,Rooftop geocoded by Geolytix,,"< 3,013 ft2 (280m2)",Greater Manchester
1010017666,Spar,Spar,Spar - Euro Garage Heap Bridge,Heap Bridge Service Station,Bury New Road,Bury,Fairfield,BL9 7HY,-2.265851281,53.59103465,382500.1934,410527.9526,Rooftop geocoded by Geolytix,,"< 3,013 ft2 (280m2)",Greater Manchester
1010017609,Spar,Spar,Spar - Euro Garage Bury,Motorway Filling Station,Rochdale Road,Bury,Fernhill,BL9 7BD,-2.275682064,53.59226036,381850.0021,410666.798,Rooftop geocoded by Geolytix,,"< 3,013 ft2 (280m2)",Greater Manchester
1010000048,Aldi,Aldi,Aldi Fernhill Bury,201 Bell Lane,,Bury,Fernhill,BL9 6DF,-2.278606983,53.59809379,381658.9436,411316.555,Rooftop geocoded by Geolytix,,"3,013 < 15,069 ft2 (280 < 1,400 m2)",Greater Manchester
1010007985,The Co-operative Group,The Co-operative Food,Co-op Mile Lane,78 Mile Lane,,Bury,Seddons Farm,BL8 2JR,-2.335748887,53.58812675,377872.0024,410223.999,Rooftop geocoded by Geolytix,,"< 3,013 ft2 (280m2)",Greater Manchester
1010007993,The Co-operative Group,The Co-operative Food,Co-op Tottington,17 Market Street,Tottington,Bury,Tottington,BL8 4AA,-2.341146223,53.61489661,377529.0024,413203.9991,Rooftop geocoded by Geolytix,,"< 3,013 ft2 (280m2)",Greater Manchester
1010004579,Tesco,Tesco Express,Tesco Bury Tottington Road Express,Tottington Road,,Bury,Tottington,BL8 1TS,-2.322027022,53.60271971,378787.6924,411843.3491,Rooftop geocoded by Geolytix,,"< 3,013 ft2 (280m2)",Greater Manchester
1010013703,Lidl,Lidl,Lidl Seddons Farm Bury,Victoria Street,,Bury,Seddons Farm,BL8 2QR,-2.311583336,53.59338885,379474.2425,410802.1591,Rooftop geocoded by Geolytix,20159999,"3,013 < 15,069 ft2 (280 < 1,400 m2)",Greater Manchester
1010004578,Tesco,Tesco Express,Tesco Brandlesholme Express,Brandlesholme Road,Brandlesholme,Bury,Brandlesholme,BL8 1HS,-2.313858449,53.60881976,379331.2325,412519.5991,Rooftop geocoded by Geolytix,,"< 3,013 ft2 (280m2)",Greater Manchester
1010012691,Aldi,Aldi,Aldi Tottington Bury,Crostons Retail Park,Wood Street,Bury,Tottington,BL8 1GU,-2.31151401,53.59573139,379479.9725,411062.7591,Rooftop geocoded by Geolytix,20140710,"3,013 < 15,069 ft2 (280 < 1,400 m2)",Greater Manchester
1010005941,Tesco,Tesco Express Esso,Tesco Bury Esso Express,Bolton Road,,Bury,Seddons Farm,BL8 2NZ,-2.318317034,53.58905466,379026.3924,410321.929,Rooftop geocoded by Geolytix,,"< 3,013 ft2 (280m2)",Greater Manchester
1010017546,Spar,Spar,Spar - Euro Garage Brandlesholme,Prospect Service Station,Brandlesholme Road,Bury,Brandlesholme,BL8 1AU,-2.309173049,53.60071031,379637.316,411616.017,Rooftop geocoded by Geolytix,,"< 3,013 ft2 (280m2)",Greater Manchester
1010005940,Tesco,Tesco Express Esso,Tesco Bolton Wigan Road Esso Express,Wigan Road,Haslam Park,Bolton,Daubhill,BL3 5PX,-2.452363821,53.57051714,370140.0624,408307.599,Rooftop geocoded by Geolytix,,"< 3,013 ft2 (280m2)",Greater Manchester
1010009262,The Co-operative Group,The Co-operative Food,Co-op Tonge Moor Rd,214/216 Tonge Moor Road,,Bolton,Tonge Moor,BL2 2HN,-2.412334424,53.59074547,372804.0024,410541.999,Rooftop geocoded by Geolytix,,"< 3,013 ft2 (280m2)",Greater Manchester
1010000946,Asda,Asda Supermarket,Asda Daubhill Supermarket,St Helens Road,Daubhill,Bolton,Daubhill,BL3 4EB,-2.454134854,53.56235302,370016.9824,407400.049,Rooftop geocoded by Geolytix,,"3,013 < 15,069 ft2 (280 < 1,400 m2)",Greater Manchester
1010019054,Lidl,Lidl,Lidl Bolton,Manchester Road,,Bolton,Great Lever,BL2 1HE,-2.419743416,53.56896816,372299.2929,408122.0313,Rooftop geocoded by Geolytix,20210225,"3,013 < 15,069 ft2 (280 < 1,400 m2)",Greater Manchester
1010005939,Tesco,Tesco Express Esso,Tesco Bradford Street Esso Express,104 Bradford Street,,Bolton,Central Bolton,BL2 1JR,-2.413800445,53.57827177,372698.8924,409154.799,Rooftop geocoded by Geolytix,,"< 3,013 ft2 (280m2)",Greater Manchester
1010016208,Heron,Heron,Heron Tonge Moor,150 Tonge Moor Road,,Bolton,Tonge Moor,BL2 2HT,-2.412341723,53.58822208,372801.8923,410261.2614,Rooftop geocoded by Geolytix,20190620,"3,013 < 15,069 ft2 (280 < 1,400 m2)",Greater Manchester
1010011209,Iceland,Iceland,Iceland Bolton,Unit 1A Central Retail Park,Manchester Road,Bolton,Great Lever,BL2 1HQ,-2.424132116,53.57369878,372011.7824,408650.059,Rooftop geocoded by Geolytix,,"3,013 < 15,069 ft2 (280 < 1,400 m2)",Greater Manchester
1010013250,Heron,Heron,Heron Bolton,18-20 Newport Street,,Bolton,Central Bolton,BL1 1NB,-2.429627211,53.57692783,371650.0724,409011.489,Rooftop geocoded by Geolytix,,"3,013 < 15,069 ft2 (280 < 1,400 m2)",Greater Manchester
1010006928,Lidl,Lidl,Lidl Daubhill Bolton,164-172 Derby Street,,Bolton,Daubhill,BL3 6JR,-2.439115711,53.57067781,371017.5124,408319.979,Rooftop geocoded by Geolytix,,"3,013 < 15,069 ft2 (280 < 1,400 m2)",Greater Manchester
1010012859,Farmfoods,Farmfoods,Farmfoods Halliwell Bolton,193 Haliwell Road,,Bolton,Halliwell,BL1 3NN,-2.435437097,53.59131389,371275.1724,410614.349,Rooftop geocoded by Geolytix,,"3,013 < 15,069 ft2 (280 < 1,400 m2)",Greater Manchester
1010000046,Aldi,Aldi,Aldi Great Lever Bolton,Trinity Street,,Bolton,Great Lever,BL3 6DH,-2.433050624,53.57345244,371421.0424,408626.209,Rooftop geocoded by Geolytix,,"15,069 < 30,138 ft2 (1,400 < 2,800 m2)",Greater Manchester
1010001342,Marks and Spencer,Marks and Spencer,M&S Bolton,35 Deansgate,,Bolton,Central Bolton,BL1 1HQ,-2.428598957,53.57936836,371719.7924,409282.599,Rooftop geocoded by Geolytix,,"15,069 < 30,138 ft2 (1,400 < 2,800 m2)",Greater Manchester
1010010246,The Co-operative Group,The Co-operative Food,Co-op Bromley Cross,196 Darwen Road,Bromley Cross,Bolton,Bromley Cross,BL7 9JJ,-2.418787148,53.61526575,372392.9424,413272.5091,Rooftop geocoded by Geolytix,,"3,013 < 15,069 ft2 (280 < 1,400 m2)",Greater Manchester
1010002809,Sainsburys,Sainsburys,Sainsburys Bolton,Trinity Street,,Bolton,Great Lever,BL3 6DH,-2.429358048,53.57261897,371665.0024,408531.999,Rooftop geocoded by Geolytix,,"30,138 ft2 > (2,800 m2)",Greater Manchester
1010002177,Morrisons,Morrisons,Morrisons Bolton,Blackhorse Street,,Bolton,Central Bolton,BL1 1PQ,-2.429064336,53.57493003,371686.0024,408788.999,Rooftop geocoded by Geolytix,,"30,138 ft2 > (2,800 m2)",Greater Manchester
1010000570,Asda,Asda Superstore,Asda Burnden Park Superstore,Manchester Road,,Bolton,Great Lever,BL3 2QS,-2.417530616,53.56941875,372446.1324,408171.299,Rooftop geocoded by Geolytix,,"30,138 ft2 > (2,800 m2)",Greater Manchester
1010002178,Morrisons,Morrisons,Morrisons Halliwell Bolton,Mornington Road,,Bolton,Halliwell,BL1 4EU,-2.452863539,53.58626998,370118.1224,410060.389,Rooftop geocoded by Geolytix,,"30,138 ft2 > (2,800 m2)",Greater Manchester
1010000569,Asda,Asda Superstore,Asda Bolton Superstore,Moss Bank Way,,Bolton,Astley Bridge,BL1 8QG,-2.433789786,53.60022111,371390.2524,411604.6591,Rooftop geocoded by Geolytix,,"30,138 ft2 > (2,800 m2)",Greater Manchester
1010017662,Spar,Spar,Spar - Deane Road,Gibraltar Rock,244 Deane Road,Bolton,Daubhill,BL3 5HP,-2.445806897,53.57283413,370575.9014,408562.6351,Rooftop geocoded by Geolytix,,"< 3,013 ft2 (280m2)",Greater Manchester
1010018605,Aldi,Aldi,Aldi Vincent Way Bolton,Vincent Way,,Bolton,Great Lever,BL3 2NB,-2.414252249,53.56617011,372661.1403,407808.6029,Rooftop geocoded by Geolytix,20200611,"3,013 < 15,069 ft2 (280 < 1,400 m2)",Greater Manchester
1010006927,Lidl,Lidl,Lidl Astley Bridge Bolton,Crompton Way,,Bolton,Astley Bridge,BL1 8TH,-2.431277464,53.60157198,371557.4224,411753.9391,Rooftop geocoded by Geolytix,,"3,013 < 15,069 ft2 (280 < 1,400 m2)",Greater Manchester
1010007981,The Co-operative Group,The Co-operative Food,Co-op Wigan Road,383 Wigan Road,,Bolton,Daubhill,BL3 4QJ,-2.465425515,53.56672575,369272.3099,407891.366,Rooftop geocoded by Geolytix,,"3,013 < 15,069 ft2 (280 < 1,400 m2)",Greater Manchester
1010014394,Budgens,Budgens,Budgens Halliwell Bolton,Chorley Old Road,,Bolton,Halliwell,BL1 3AJ,-2.444866416,53.583382,370645.5163,409735.7476,Rooftop geocoded by Geolytix,,"3,013 < 15,069 ft2 (280 < 1,400 m2)",Greater Manchester
1010012641,Sainsburys,Sainsburys Local,Sainsburys Bolton Darwen Road Local,158 Darwen Road,,Bolton,Bromley Cross,BL7 9JJ,-2.417375097,53.61446506,372485.8324,413182.8791,Rooftop geocoded by Geolytix,20150820,"< 3,013 ft2 (280m2)",Greater Manchester
1010000045,Aldi,Aldi,Aldi Halliwell Bolton,Higher Bridge Street,,Bolton,Central Bolton,BL1 2HJ,-2.430739506,53.58536066,371582.1024,409950.129,Rooftop geocoded by Geolytix,,"3,013 < 15,069 ft2 (280 < 1,400 m2)",Greater Manchester
1010017545,Spar,Spar,Spar - Euro Garage Bolton,Blackburn Road,,Bolton,Astley Bridge,BL1 7LR,-2.43178683,53.60977159,371529.2524,412666.3959,Rooftop geocoded by Geolytix,,"< 3,013 ft2 (280m2)",Greater Manchester
1010018781,Morrisons,Morrisons Daily,Morrisons Daily Bolton Brownlow Fold,Brownlow Way,,Bolton,Halliwell,BL1 3UB,-2.437681868,53.58949216,371125.3414,410412.5837,Rooftop geocoded by Geolytix,,"< 3,013 ft2 (280m2)",Greater Manchester
1010014257,Iceland,The Food Warehouse,Iceland Bolton Food Warehouse,Breightmet Retail Park,,Bolton,Breightmet,BL2 6QR,-2.383416901,53.58113991,374712.36,409462.6247,Rooftop geocoded by Geolytix,,"3,013 < 15,069 ft2 (280 < 1,400 m2)",Greater Manchester
1010002180,Morrisons,Morrisons,Morrisons Breightmet Bolton,Bury Road,,Bolton,Breightmet,BL2 6QT,-2.384484188,53.58100021,374641.6138,409447.4637,Rooftop geocoded by Geolytix,,"3,013 < 15,069 ft2 (280 < 1,400 m2)",Greater Manchester
1010014085,Aldi,Aldi,Aldi Breightmet Bolton,Fold Lane,,Bolton,Breightmet,BL2 6PP,-2.381700344,53.58080193,374825.8069,409424.4117,Rooftop geocoded by Geolytix,,"3,013 < 15,069 ft2 (280 < 1,400 m2)",Greater Manchester
1010017921,Spar,Spar,Spar - New Lane,63 New Lane,,Bolton,Top O Th Brow,BL2 5BP,-2.39477469,53.59186812,373967.0141,410660.307,Rooftop geocoded by Geolytix,,"< 3,013 ft2 (280m2)",Greater Manchester
1010002179,Morrisons,Morrisons,Morrisons Top O Th Brow Bolton,Lea Gate,Harwood,Bolton,Top O Th Brow,BL2 3HN,-2.397202768,53.60427019,373814.0024,412040.9991,Rooftop geocoded by Geolytix,,"15,069 < 30,138 ft2 (1,400 < 2,800 m2)",Greater Manchester
1010017627,Spar,Spar,Spar - Euro Garage Wigan,Scott Lane Service Station,Scott Lane,Wigan,Pemberton,WN5 0PU,-2.666053901,53.55196512,355969.4647,406354.8064,Rooftop geocoded by Geolytix,,"< 3,013 ft2 (280m2)",Greater Manchester
1010005895,Tesco,Tesco Express,Tesco Wigan Whelley Road Express,Whelley Road,,Wigan,New Springs,WN1 3UP,-2.6126986,53.55559527,359507.8424,406726.929,Rooftop geocoded by Geolytix,,"< 3,013 ft2 (280m2)",Greater Manchester
1010017738,Spar,Spar,Spar - Euro Garage Pemberton,Ormskirk Road,Lanacshire,Wigan,Pemberton,WN5 8BE,-2.677684468,53.5353356,355181.3086,404511.9942,Rooftop geocoded by Geolytix,,"< 3,013 ft2 (280m2)",Greater Manchester
1010017465,Spar,Spar,Spar - Whelley,122 Whelley,,Wigan,New Springs,WN1 3UB,-2.616835227,53.5529569,359231.262,406435.7665,Rooftop geocoded by Geolytix,,"< 3,013 ft2 (280m2)",Greater Manchester
1010008745,The Co-operative Group,The Co-operative Food,Co-op Hawkley Hall,59 Carr Lane,Hawkley Hall,Wigan,Winstanley,WN3 5NL,-2.641655281,53.52402996,357557.9192,403232.0875,Rooftop geocoded by Geolytix,,"< 3,013 ft2 (280m2)",Greater Manchester
1010017626,Spar,Spar,Spar - Euro Garage Goose Green,Warrington Road,Goose Green,Wigan,Winstanley,WN3 6PF,-2.654427837,53.53330099,356720.6313,404271.2212,Rooftop geocoded by Geolytix,,"< 3,013 ft2 (280m2)",Greater Manchester
1010013317,Heron,Heron,Heron Pemberton Wigan,735-737 Ormskirk Road,,Wigan,Pemberton,WN5 8AT,-2.682788112,53.5364539,354844.2424,404639.639,Rooftop geocoded by Geolytix,,"3,013 < 15,069 ft2 (280 < 1,400 m2)",Greater Manchester
1010017960,Spar,Spar,Spar - Wigan,29-31 Mesnes Road,,Wigan,Whitley,WN1 2DG,-2.633955004,53.55678735,358100.8608,406871.8808,Rooftop geocoded by Geolytix,,"< 3,013 ft2 (280m2)",Greater Manchester
1010015422,Iceland,The Food Warehouse,Iceland Wigan Food Warehouse,Unit 3 Marus Bridge Retail Park,,Wigan,Winstanley,WN3 6XE,-2.654361708,53.52134801,356712.7962,402941.3775,Rooftop geocoded by Geolytix,20180911,"3,013 < 15,069 ft2 (280 < 1,400 m2)",Greater Manchester
1010008744,The Co-operative Group,The Co-operative Food,Co-op Winstanley,73 Holmes House Avenue,Winstanley,Wigan,Winstanley,WN3 6JA,-2.66983313,53.52171505,355687.4272,402991.7477,Rooftop geocoded by Geolytix,,"< 3,013 ft2 (280m2)",Greater Manchester
1010015291,Marks and Spencer,Marks and Spencer Foodhall,M&S Robin Retail Park Wigan,Unit 4 Robin Retail Park,,Wigan,Pemberton,WN5 0UH,-2.652747069,53.54491819,356843.8821,405562.6476,Rooftop geocoded by Geolytix,20199999,"3,013 < 15,069 ft2 (280 < 1,400 m2)",Greater Manchester
1010017671,Spar,Spar,Spar - Kitt Green,228 City Road,,Wigan,Pemberton,WN5 0BG,-2.682455926,53.54517355,354875.5557,405609.5149,Rooftop geocoded by Geolytix,,"< 3,013 ft2 (280m2)",Greater Manchester
1010013083,Farmfoods,Farmfoods,Farmfoods Beech Hill Wigan,296B Woodhouse Lane,,Wigan,Beech Hill,WN6 7TD,-2.659234752,53.55604722,356425.4524,406804.749,Rooftop geocoded by Geolytix,,"3,013 < 15,069 ft2 (280 < 1,400 m2)",Greater Manchester
1010003325,Sainsburys,Sainsburys,Sainsburys Wigan,Worthington Way,,Wigan,Winstanley,WN3 6XA,-2.654992912,53.52042431,356670.0024,402838.999,Rooftop geocoded by Geolytix,,"30,138 ft2 > (2,800 m2)",Greater Manchester
1010011158,Iceland,Iceland,Iceland Wigan,70 Standish Gate,,Wigan,Central Wigan,WN1 1UW,-2.630037179,53.54897332,358352.7024,406000.239,Rooftop geocoded by Geolytix,,"3,013 < 15,069 ft2 (280 < 1,400 m2)",Greater Manchester
1010013215,Heron,Heron,Heron Wigan,Unit 75 The Galleries,,Wigan,Central Wigan,WN1 1PX,-2.633171609,53.5483722,358144.4303,405935.2046,Rooftop geocoded by Geolytix,,"3,013 < 15,069 ft2 (280 < 1,400 m2)",Greater Manchester
1010014383,Heron,Heron,Heron Winstanley Wigan,Unit 73 The Winstanley Shopping Centre,,Wigan,Winstanley,WN3 6JA,-2.669769925,53.52148274,355691.3746,402965.8632,Rooftop geocoded by Geolytix,,"3,013 < 15,069 ft2 (280 < 1,400 m2)",Greater Manchester
1010005898,Tesco,Tesco Express,Tesco Pemberton Express,751 Ormskirk Road,Pemberton,Wigan,Pemberton,WN5 8AX,-2.683433177,53.53645614,354801.4924,404640.299,Rooftop geocoded by Geolytix,,"< 3,013 ft2 (280m2)",Greater Manchester
1010000931,Asda,Asda Supercentre,Asda Wigan Supercentre,Soho Street,Robin Park,Wigan,Pemberton,WN5 0XA,-2.651010361,53.54322795,356957.2424,405373.549,Rooftop geocoded by Geolytix,,"30,138 ft2 > (2,800 m2)",Greater Manchester
1010017565,Spar,Spar,Spar - Worsley Mesnes,14 Worsley Mesnes Drive,,Wigan,Winstanley,WN3 5TE,-2.649502905,53.53237645,357046.1237,404165.3748,Rooftop geocoded by Geolytix,,"< 3,013 ft2 (280m2)",Greater Manchester
1010005899,Tesco,Tesco Express,Tesco Wigan Gidlow Lane Express,410 Gidlow Lane Road,,Wigan,Beech Hill,WN6 7PL,-2.646570081,53.55962998,357268.0524,407195.649,Rooftop geocoded by Geolytix,,"< 3,013 ft2 (280m2)",Greater Manchester
1010000517,Aldi,Aldi,Aldi Pemberton Wigan,Scot Lane,,Wigan,Pemberton,WN5 0TQ,-2.652474677,53.54057347,356857.5024,405079.119,Rooftop geocoded by Geolytix,,"3,013 < 15,069 ft2 (280 < 1,400 m2)",Greater Manchester
1010007472,Lidl,Lidl,Lidl Pemberton Wigan,2 Chatsworth Road,,Wigan,Pemberton,WN5 8BQ,-2.675936861,53.53448902,355296.2424,404416.709,Rooftop geocoded by Geolytix,,"3,013 < 15,069 ft2 (280 < 1,400 m2)",Greater Manchester
1010008746,The Co-operative Group,The Co-operative Food,Co-op Woodhouse Lane,Springfield Garage,Woodhouse Lane,Wigan,Beech Hill,WN6 7LW,-2.648334081,53.55111462,357142.5776,406249.3494,Rooftop geocoded by Geolytix,,"< 3,013 ft2 (280m2)",Greater Manchester
1010005897,Tesco,Tesco Express,Tesco Wigan Poolstock Lane Express,Poolstock Lane,,Wigan,Winstanley,WN3 5JE,-2.645661548,53.52717461,357295.4924,403584.339,Rooftop geocoded by Geolytix,,"< 3,013 ft2 (280m2)",Greater Manchester
1010001119,Asda,Asda Supermarket,Asda Goose Green Supermarket,Wheatlea Industrial Estate,Worthington Way,Wigan,Winstanley,WN3 6XA,-2.653466295,53.51885995,356769.6224,402664.029,Rooftop geocoded by Geolytix,,"3,013 < 15,069 ft2 (280 < 1,400 m2)",Greater Manchester
1010007471,Lidl,Lidl,Lidl Central Wigan Wigan,Darlington Street,,Wigan,Central Wigan,WN1 1DL,-2.625314426,53.54323703,358660.0124,405359.299,Rooftop geocoded by Geolytix,,"3,013 < 15,069 ft2 (280 < 1,400 m2)",Greater Manchester
1010006341,Tesco,Tesco Extra,Tesco Wigan Extra,Central Park Way,,Wigan,Central Wigan,WN1 1XS,-2.62522165,53.55134621,358674.0824,406261.419,Rooftop geocoded by Geolytix,,"30,138 ft2 > (2,800 m2)",Greater Manchester
