OrganisationID,OrganisationCode,OrganisationType,SubType,Sector,OrganisationStatus,IsPimsManaged,OrganisationName,Address1,Address2,Address3,City,County,Postcode,Latitude,Longitude,ParentODSCode,ParentName,Phone,Email,Website,Fax
18138,NMP01,Hospital,Hospital,Independent Sector,Visible,FALSE,Bridgewater Hospital,120 Princess Road,,,Manchester,Greater Manchester,M15 5AT,53.4597435,-2.245468855,NMP,Bridgewater Hospital (Manchester) Ltd,0161 2270000,,www.bridgewaterhospital.com,
18406,NT327,Hospital,Hospital,Independent Sector,Visible,TRUE,Spire Manchester Hospital,170 Barlow Moor Road,Didsbury,,Manchester,Greater Manchester,M20 2AF,53.42523193,-2.25366497,NT3,Spire Healthcare,0161 447 6677,info@spiremanchester.com,https://www.spirehealthcare.com/spire-manchester-hospital/,0161 447 6678
18837,NVC12,Hospital,Hospital,Independent Sector,Visible,TRUE,Oaklands Hospital,19 Lancaster Road,,,Salford,Greater Manchester,M6 8AQ,53.49230194,-2.321049213,NVC,Ramsay Healthcare UK Operations Limited,01617 879 460,oaklands.enquiries@ramsayhealth.co.uk,http://www.oaklands-hospital.co.uk,0161 7878097 
40204,RBV01,Hospital,Hospital,NHS Sector,Visible,TRUE,The Christie main site,550 Wilmslow Road,Withington,,Manchester,Greater Manchester,M20 4BX,53.42977142,-2.230110168,RBV,The Christie NHS Foundation Trust,0161 446 3000,enquiries@christie.nhs.uk,http://www.christie.nhs.uk/,0161 446 3977
42644,RW602,Hospital,Hospital,NHS Sector,Visible,TRUE,North Manchester General Hospital,Delaunays Road,Crumpsall,,Manchester,Greater Manchester,M8 5RB,53.51788712,-2.229486942,RW6,Pennine Acute Hospitals NHS Trust,0161 624 0420,,http://www.pat.nhs.uk,0161 740 4450
42645,RW603,Hospital,Hospital,NHS Sector,Visible,TRUE,Royal Oldham Hospital,Rochdale Road,,,Oldham,Greater Manchester,OL1 2JH,53.55325317,-2.121816158,RW6,Pennine Acute Hospitals NHS Trust,0161 624 0420,,http://www.pat.nhs.uk,0161 627 3130 
43337,RXV06,Hospital,Hospital,NHS Sector,Visible,TRUE,Prestwich Hospital,Bury New Road,Prestwich,,Manchester,Greater Manchester,M25 3BL,53.53675079,-2.291450739,RXV,Greater Manchester Mental Health NHS Foundation Trust,0161 773 9121,,https://www.gmmh.nhs.uk/,
58620,NNH04,Hospital,Hospital,NHS Sector,Visible,TRUE,Optegra Eye Hospital Manchester,One Didsbury Point,2 The Avenue,Didsbury,Manchester,Greater Manchester,M20 2EY,53.43009949,-2.249933243,NNH,Optegra UK,0161 240 0700,icare.manchester@optegra.com,https://www.optegra.com,0161 240 0799
64210,RWW06,Hospital,UNKNOWN,Independent Sector,Visible,FALSE,Stretford Memorial Hospital,226 Seymour Grove,,,Manchester,Greater Manchester,M16 0DU,53.45288849,-2.274085522,RWW,Warrington and Halton Hospitals NHS Foundation Trust,,,,
2704214,AHN02,Hospital,Hospital,NHS Sector,Visible,FALSE,Jigsaw Independent Hospital,134 Palatine Road,Didsbury,,Manchester,Greater Manchester,M20 3ZA,53.42431641,-2.238432407,AHN,Equilibrium Healthcare,,,,
8228408,DKF01,Hospital,UNKNOWN,NHS Sector,Visible,TRUE,Manchester Private Hospital,New Court,Regents Place,Windsor Street,Salford,Greater Manchester,M5 4HB,53.47900391,-2.278548241,DKF,Manchester Private Clinic Ltd,1615078822,info@manchesterprivatehospital.co.uk,http://www.manchesterprivatehospital.co.uk,1615078828
8228422,R0A02,Hospital,UNKNOWN,Independent Sector,Visible,TRUE,Manchester Royal Infirmary,Oxford Road,,,Manchester,Greater Manchester,M13 9WL,53.46167374,-2.224890709,R0A,Manchester University NHS Foundation Trust,0161 276 1234,,https://mft.nhs.uk/mri/,
8228423,R0A03,Hospital,UNKNOWN,Independent Sector,Visible,TRUE,Royal Manchester Children's Hospital,Oxford Road,,,Manchester,Greater Manchester,M13 9WL,53.46046829,-2.224475861,R0A,Manchester University NHS Foundation Trust,0161 276 1234,,https://mft.nhs.uk/rmch/,
8228424,R0A04,Hospital,UNKNOWN,Independent Sector,Visible,TRUE,Manchester Royal Eye Hospital,Oxford Road,,,Manchester,Greater Manchester,M13 9WL,53.46088791,-2.223982334,R0A,Manchester University NHS Foundation Trust,0161 276 1234,,https://mft.nhs.uk/royal-eye/,
8228425,R0A05,Hospital,UNKNOWN,Independent Sector,Visible,TRUE,St Mary's Hospital,Oxford Road,,,Manchester,Greater Manchester,M13 9WL,53.4611702,-2.223896503,R0A,Manchester University NHS Foundation Trust,0161 276 1234,,https://mft.nhs.uk/saint-marys/,
8228427,R0A07,Hospital,UNKNOWN,Independent Sector,Visible,TRUE,Wythenshawe Hospital,Southmoor Road,Wythenshawe,,Manchester,Greater Manchester,M23 9LT,53.38885117,-2.291815042,R0A,Manchester University NHS Foundation Trust,1619987070,,https://mft.nhs.uk/wythenshawe/,
8228428,R0A08,Hospital,UNKNOWN,Independent Sector,Visible,TRUE,Withington Community Hospital,Nell Lane,West Didsbury,,Manchester,Greater Manchester,M20 2LR,53.42520142,-2.245216846,R0A,Manchester University NHS Foundation Trust,1614345555,,https://mft.nhs.uk/withington/,
8228429,R0A09,Hospital,UNKNOWN,Independent Sector,Visible,TRUE,Trafford General Hospital,Moorside Road,Urmston,,Manchester,Greater Manchester,M41 5SL,53.45406723,-2.370682955,R0A,Manchester University NHS Foundation Trust,0161 748 4022,,https://mft.nhs.uk/trafford/,
8228458,R0A33,Hospital,UNKNOWN,Independent Sector,Visible,TRUE,University Dental Hospital,Higher Cambridge Street,,,Manchester,Greater Manchester,M15 6FH,53.46536636,-2.236637831,R0A,Manchester University NHS Foundation Trust,0161 393 7730,,https://mft.nhs.uk/dental/,
8329055,R0A66,Hospital,UNKNOWN,Independent Sector,Visible,TRUE,North Manchester General Hospital,Delaunays Road,Crumpsall,,Manchester,Greater Manchester,M8 5RB,53.51788712,-2.229486942,R0A,Manchester University NHS Foundation Trust,,,,
10962563,NMJ1F,Hospital,Hospital,Independent Sector,Visible,TRUE,Cygnet Lodge Salford,,Radcliffe Park Crescent,Salford,Manchester,Greater Manchester,M6 7WQ,53.50006104,-2.316329002,NMJ,Cygnet Health Care Limited,0161 696 4930,enquiries@cygnethealth.co.uk,https://www.cygnethealth.co.uk/locations/cygnet-lodge-salford/,
42725,RWJ09,Hospital,Hospital,NHS Sector,Visible,TRUE,Stepping Hill Hospital,Stepping Hill Hospital,Poplar Grove,,Stockport,Cheshire,SK2 7JE,53.38378143,-2.132004976,RWJ,Stockport NHS Foundation Trust,0161 483 1010,pcs@stockport.nhs.uk,http://www.stockport.nhs.uk,0161 419 4679
4621851,NMV51,Hospital,UNKNOWN,NHS Sector,Visible,FALSE,Park Lodge,34 Sandy Lane,Romiley,,Stockport,Cheshire,SK6 4NH,53.41864777,-2.082670927,NMV,Partnerships In Care Ltd,,,,
6518169,DAM02,Hospital,UNKNOWN,NHS Sector,Visible,FALSE,Arbour Lodge Independent Hospital,Buxton Lane,Marple,,Stockport,Cheshire,SK6 7QL,53.38997269,-2.072225094,DAM,Barchester Healthcare Ltd,,,,
42643,RW601,Hospital,Hospital,NHS Sector,Visible,TRUE,Fairfield General Hospital,Fairfield General Hospital,Rochdale Old Road,,Bury,Lancashire,BL9 7TD,53.60042572,-2.255607843,RW6,Pennine Acute Hospitals NHS Trust,0161 624 0420,,http://www.pat.nhs.uk,
5373148,NMJ22,Hospital,UNKNOWN,NHS Sector,Visible,TRUE,Cygnet Hospital Bury,Buller Street,,,Bury,Lancashire,BL8 2BS,53.58713913,-2.316722631,NMJ,Cygnet Health Care Limited,0161 762 7200,enquiries@cygnethealth.co.uk,https://www.cygnethealth.co.uk/locations/cygnet-hospital-bury/,
10972564,Y9F0I,Hospital,UNKNOWN,Independent Sector,Visible,FALSE,Fairfield General Hospital,Rochdale Old Road,,,Bury,,BL9 7TD,53.60042572,-2.255607843,R0A,Manchester University NHS Foundation Trust,,,,
18442,NT420,Hospital,Hospital,Independent Sector,Visible,TRUE,BMI The Highfield Hospital,,Manchester Road,,Rochdale,Lancashire,OL11 4LZ,53.60650635,-2.167490244,NT4,BMI Healthcare,01706 655121,highfield@bmihealthcare.co.uk,https://www.bmihealthcare.co.uk/hospitals/bmi-the-highfield-hospital,01706 356759
42646,RW604,Hospital,Hospital,NHS Sector,Visible,TRUE,Rochdale Infirmary,Whitehall Street,,,Rochdale,Lancashire,OL12 0NB,53.62428665,-2.160136938,RW6,Pennine Acute Hospitals NHS Trust,0161 624 0420,,http://www.pat.nhs.uk,01706 655474
42647,RW605,Hospital,Hospital,NHS Sector,Visible,TRUE,Birch Hill Hospital (Floyd Unit),Birch Hill Hospital,Birch Road,Wardle,Rochdale,Lancashire,OL12 9QB,53.64026642,-2.121371508,RW6,Pennine Acute Hospitals NHS Trust,01706 377777,,http://www.pat.nhs.uk,
2596948,RT265,Hospital,Hospital,NHS Sector,Visible,TRUE,Child & Family Service,,Fairfield General Hospital,,Rochdale,,BL9 7TD,53.60042572,-2.255607843,RT2,Pennine Care NHS Foundation Trust,0161 918 8515,,https://www.penninecare.nhs.uk/your-services/child-and-adolescent-mental-health-services-camhs/,
10974408,H3S0H,Hospital,UNKNOWN,Independent Sector,Visible,FALSE,Birch Hill Hospital,Birch Road,,,Rochdale,Lancashire,OL12 9QB,53.64026642,-2.121371508,R0A,Manchester University NHS Foundation Trust,,,,
18426,NT404,Hospital,Hospital,Independent Sector,Visible,TRUE,BMI The Beaumont Hospital,Chorley New Road,Lostock,,Bolton,Lancashire,BL6 4LA,53.57982254,-2.4991045,NT4,BMI Healthcare,01204 404404,beaumont@bmihealthcare.co.uk,https://www.bmihealthcare.co.uk/hospitals/bmi-the-beaumont-hospital,01204 404488
41197,RMC01,Hospital,Hospital,NHS Sector,Visible,TRUE,Royal Bolton Hospital,Minerva Road,Farnworth,,Bolton,Lancashire,BL4 0JR,53.55396271,-2.429878712,RMC,Bolton NHS Foundation Trust,01204 390390,,http://www.boltonft.nhs.uk,
66564,RXV64,Hospital,UNKNOWN,Independent Sector,Visible,FALSE,Hulton Hospital,Hulton Lane,,,Bolton,Lancashire,BL3 4JD,53.56484985,-2.464836121,RXV,Greater Manchester Mental Health NHS Foundation Trust,,,,
8431103,NPG09,Hospital,UNKNOWN,NHS Sector,Visible,TRUE,SpaMedica Eye Hospital Bolton,43 Churchgate,,,Bolton,Lancashire,BL1 1HU,53.57993317,-2.425807714,NPG,Spamedica,0330 058 4280,contact@spamedica.co.uk,https://www.spamedica.co.uk/,
41724,RRF02,Hospital,Hospital,NHS Sector,Visible,TRUE,Royal Albert Edward Infirmary,,Wigan Lane,,Wigan,Lancashire,WN1 2NN,53.55774307,-2.629076481,RRF,Wrightington,,,,
41728,RRF53,Hospital,Hospital,NHS Sector,Visible,TRUE,Wrightington Hospital,,Hall Lane,Appley Bridge,Wigan,Lancashire,WN6 9EP,53.58981323,-2.711495161,RRF,Wrightington,,,,
