Identifying_Code,Name,Region_Code,STP_Code,Address_1,Street,District,Local_Authority,County,Postcode,Status_Code,Organisation_Sub-Type_Code,Contact_Phone_Number
P83005,TOWNSIDE SURGERY,Y62,QOP,TOWNSIDE PCC-KNOWSLEY PL,KNOWSLEY STREET,BURY,GREATER MANCHESTER,,BL9 0SN,A,B,0161 7621600
P83015,RIBBLESDALE MEDICAL PRACTICE,Y62,QOP,TOWNSIDE PCC-KNOWSLEY PL,KNOWSLEY STREET,BURY,GREATER MANCHESTER,,BL9 0SN,A,B,0161 7621650
P83021,PEEL GPS,Y62,QOP,TOWNSIDE PCC-KNOWSLEY PL,KNOWSLEY STREET,BURY,GREATER MANCHESTER,,BL9 0SN,A,B,0161 7621515
P83026,PEEL GPS - DR PALANIAPPAN,Y54,Q83,TOWNSIDE PCC-KNOWSLEY PL,KNOWSLEY STREET,BURY,GREATER MANCHESTER,,BL9 0SN,C,B,0161 7621515
P83030,PEEL GPS DR CHACKO,Y54,Q83,TOWNSIDE PCC-KNOWSLEY PL,KNOWSLEY STREET,BURY,GREATER MANCHESTER,,BL9 0SN,C,B,0161 7621515
P84019,VALENTINE MEDICAL CENTRE,Y62,QOP,VALENTINE MEDICAL CENTRE,"2 SMETHURST ST, BLACKLEY",MANCHESTER,GREATER MANCHESTER,,M9 8PP,A,B,0161 2415480
P85018,DANSON FAMILY PRACTICE P85018,Y62,QOP,WERNETH PRIMARY CARE CTR,FEATHERSTALL ROAD SOUTH,OLDHAM,GREATER MANCHESTER,,OL9 7AY,A,B,0161 4841484
P85025,THE SURGERY,Y62,Q83,WERNETH PRIMARY CARE CTR,FEATHERSTALL ROAD SOUTH,OLDHAM,GREATER MANCHESTER,,OL9 7AY,C,B,0161 4841333
P85613,MOHANTY PRACTICE,Y62,QOP,WERNETH PRIMARY CARE CTR,FEATHERSTALL ROAD SOUTH,OLDHAM,GREATER MANCHESTER,,OL9 7AY,D,B,0161 4841444
P85615,KAPUR FAMILY CARE,Y62,QOP,WERNETH PRIMARY CARE CTR,FEATHERSTALL ROAD SOUTH,OLDHAM,GREATER MANCHESTER,,OL9 7AY,A,B,0161 4841414
P86015,ROCHDALE ROAD MEDICAL CENTRE,Y62,QOP,ROCHDALE ROAD MEDICAL CTR,48A ROCHDALE ROAD,MIDDLETON,GREATER MANCHESTER,,M24 2PU,A,B,0161 6439131
P92008,BRADSHAW MEDICAL CENTRE,Y62,QOP,BRADSHAW MEDICAL CENTRE,"BRADSHAW STREET,ORRELL",WIGAN,GREATER MANCHESTER,,WN5 0AB,A,B,01942 222336
P92011,SULLIVAN WAY SURGERY,Y62,QOP,SULLIVAN WAY SURGERY,"SULLIVAN WAY,SCHOLES",WIGAN,GREATER MANCHESTER,,WN1 3TB,A,B,01942 243649
P92034,BRYN CROSS SURGERY,Y62,QOP,246 WIGAN ROAD,"BRYN,ASHTON-IN-MAKERFIELD",WIGAN,GREATER MANCHESTER,,WN4 0AR,A,B,01942 727270
P92602,FOXLEIGH FAMILY SURGERY,Y62,QOP,THE BRIDGEWATER MED CTR,HENRY STREET,LEIGH,GREATER MANCHESTER,,WN7 2PE,A,B,01942 481800
Y00050,PENNINGTON PARK SURGERY,Y62,QOP,THE BRIDGEWATER MED CTR,HENRY STREET,LEIGH,GREATER MANCHESTER,,WN7 2PE,A,B,01942 481815
Y00726,THE HIVE HEALTH CENTRE,Y62,QOP,DOCTORS' SURGERY,"CLOUGH ST, MIDDLETON",MANCHESTER,GREATER MANCHESTER,,M24 2YJ,A,B,0161 6544103
Y02795,MIDDLETON HEALTH CENTRE,Y62,QOP,THE HEALTH CENTRE UNIT F1,MIDDLETON SHOPPING CENTRE,MIDDLETON,GREATER MANCHESTER,,M24 4EL,A,B,0161 6557434
Y02875,LINDLEY HOUSE HEALTH CENTRE,Y62,QOP,INTEGRATED CARE CENTRE,NEW RADCLIFFE STREET,OLDHAM,GREATER MANCHESTER,,OL1 1NL,A,B,0161 7857520
Y03225,HMP FOREST BANK,Y62,Q99,HMP FOREST BANK,AGECROFT ROAD,PENDLEBURY,GREATER MANCHESTER,,M27 8FB,A,B,0161 9257000
Y04353,NORTH EAST ESSEX MECS,Y61,QJG,WAULK MILL 2.3,51 BENGAL STREET,MANCHESTER,GREATER MANCHESTER,,M4 6LN,A,B,0330 1281544
Y04982,WIGAN & LEIGH EIT,Y62,QOP,LEIGH STADIUM 1ST FLOOR,SALE WAY,LEIGH,GREATER MANCHESTER,,WN7 4JY,A,B,01942 772101
Y05393,HOME IV THERAPY TEAM,Y62,QOP,"RM 32, 1ST FLOOR, J BLOCK",NORTH MANCHESTER GEN HOSP,MANCHESTER,GREATER MANCHESTER,,M8 5RB,A,B,0161 7202788
Y05429,OLDHAM PENNINE LUNG SERVICE,Y62,QOP,"CHEST CLINIC, ROH",ROCHDALE ROAD,OLDHAM,GREATER MANCHESTER,,OL1 2JH,A,B,0161 6278522
Y05442,"COMMUNITY DIABETES SERVICE, BURY",Y62,QOP,ROOM 135 MOORGATE PCC,22 DERBY WAY,BURY,GREATER MANCHESTER,,BL9 0NJ,A,B,0161 4479847
Y05521,HMP MANCHESTER (HIGH SECURITY),Y62,Q99,SOUTHALL STREET,,MANCHESTER,GREATER MANCHESTER,,M60 9AH,A,B,0161 8175600
Y05791,WIGAN CAMHS,Y62,QOP,155/157 MANCHESTER ROAD,HIGHER INCE,WIGAN,GREATER MANCHESTER,,WN2 2JA,A,B,01942 775400
Y06405,T&G WALK IN CENTRE,Y62,QOP,HARTSHEAD BUILDING NORTH,T&G IC NHSFT,ASHTON-UNDER-LYNE,GREATER MANCHESTER,,OL6 9RW,A,B,0161 9226248
Y06646,BMI BEAUMONT HOSPITAL,Y62,QOP,OLD HALL CLOUGH,CHORLEY NEW ROAD LOSTOCK,BOLTON,GREATER MANCHESTER,,BL6 4LA,A,B,01204 404404
Y06729,MECS MINOR EYE CONDITION SERVICE,Y61,QH8,WAULK MILL [2.3],51 BENGAL STREET,MANCHESTER,GREATER MANCHESTER,,M4 6LN,A,B,0330 1281544
Y06812,PRIMARY EYECARE SERVICES,Y62,QOP,2.3 WAULK MILL,51 BENGAL STREET,MANCHESTER,GREATER MANCHESTER,,M4 6LN,A,B,0330 1281544
P88003,MANOR MEDICAL PRACTICE,Y62,QOP,OFFERTON HEALTH CENTRE,10 OFFERTON LANE,OFFERTON,"STOCKPORT,CHESHIRE",,SK2 5AR,A,B,0161 4269166
P88008,HEATON MERSEY MED.PRACT.,Y62,QOP,HEATON MERSEY MED.PRACT.,460 DIDSBURY ROAD,HEATON MERSEY,"STOCKPORT,CHESHIRE",,SK4 3BT,A,B,0161 4269400
P88012,BEECH HOUSE MEDICAL PRACT,Y62,QOP,BEECH HOUSE MEDICAL PRACT,BEECH AVENUE,HAZEL GROVE,"STOCKPORT,CHESHIRE",,SK7 4QR,A,B,0161 4836222
P88016,BRAMHALL & SHAW HEATH MEDICAL GROUP,Y62,QOP,BRAMHALL PARK MEDICAL CTR,235 BRAMHALL LANE SOUTH,BRAMHALL,STOCKPORT,,SK7 3EP,A,B,0161 4269700
P88041,THE VILLAGE SURGERY,Y62,QOP,THE VILLAGE SURGERY,31 BRAMHALL LANE SOUTH,BRAMHALL,"STOCKPORT,CHESHIRE",,SK7 2DN,A,B,0161 4393322
P88044,BREDBURY MEDICAL CENTRE,Y62,QOP,BREDBURY MEDICAL CENTRE,1 AUBURN AVENUE,BREDBURY,"STOCKPORT,CHESHIRE",,SK6 2AH,A,B,0161 4269730
P88606,SPRINGFIELD SURGERY,Y62,QOP,SPRINGFIELD SURGERY,24-28 COMMERCIAL ROAD,HAZEL GROVE,"STOCKPORT,CHESHIRE",,SK7 4AA,A,B,0161 4265250
P88607,THE GUYWOOD PRACTICE,Y62,QOP,THE GUYWOOD PRACTICE,ROMILEY HEALTH CENTRE,CHICHESTER ROAD,"ROMILEY,STOCKPORT",,SK6 4QR,A,B,0161 4265242
P88620,HAIDER MEDICAL CENTRE,Y54,Q83,HAIDER MEDICAL CENTRE,JACKSONS LANE,HAZEL GROVE,"STOCKPORT,CHESHIRE",,SK7 5JW,C,B,0161 4269292
P88628,HOULDSWORTH MEDICAL CTR,Y54,Q73,HOULDSWORTH MEDICAL CTR,1 ROWSLEY GROVE,REDDISH,"STOCKPORT,CHESHIRE",,SK5 7AY,C,B,0161 4269595
P88636,PENNINE CARE,Y62,QOP,CIRTEK HOUSE,HIGHER HILLGATE,,STOCKPORT,,SK1 3QD,A,B,0161 7164000
Y00334,LITTLE MOOR SURGERY,Y54,Q83,LITTLE MOOR SURGERY,OFFERTON HEALTH CENTRE,10 OFFERTON LANE,"OFFERTON, STOCKPORT",,SK2 5AR,C,B,0161 4269555
Y00912,DR H LLOYD'S PRACTICE,Y62,QOP,CEDAR HOUSE,82 BRAMHALL LANE,DAVENPORT,STOCKPORT,,SK2 6JG,A,B,0161 4265198
A99932,PENNINE BCSC,Y62,QOP,FAIRFIELD GENERAL HOSPITAL,ROCHDALE OLD ROAD,,BURY,LANCASHIRE,BL9 7TD,A,B,
P83017,WOODBANK SURGERY,Y62,QOP,WOODBANK SURGERY,2 HUNSTANTON DRIVE,BRANDLESHOLME,BURY,,BL8 1EG,A,B,0161 7051630
P83023,GREENMOUNT MEDICAL CENTRE,Y62,Q83,GREENMOUNT MEDICAL CTR.,9 BRANDLESHOLME ROAD,GREENMOUNT,BURY,,BL8 4DR,C,B,01204 885111
A99944,WITHINGTON BCSC,Y62,QOP,COBBETT HOUSE,OXFORD ROAD,,MANCHESTER,,M13 9WL,A,B,0300 3309444
P83001,FAIRFAX GROUP PRACTICE,Y62,QOP,PRESTWICH HEALTH CENTRE,FAIRFAX ROAD,PRESTWICH,MANCHESTER,,M25 1BT,A,B,0161 7732483
P83004,THE UPLANDS MEDICAL PRACTICE,Y62,QOP,WHITEFIELD HEALTH CENTRE,BURY NEW ROAD,WHITEFIELD,MANCHESTER,,M45 8GH,A,B,0161 7668221
P83027,GREYLAND MEDICAL CENTRE,Y62,QOP,GREYLAND MEDICAL CENTRE,468 BURY OLD ROAD,PRESTWICH,MANCHESTER,,M25 1NL,A,B,0161 7989818
P83605,WHITTAKER LANE MED CENTRE,Y62,QOP,WHITTAKER LANE MED CENTRE,DAISY BANK,"WHITTAKER LANE,PRESTWICH",MANCHESTER,,M25 1EX,A,B,0161 7731580
P83609,THE BIRCHES MEDICAL CENTRE,Y62,QOP,THE BIRCHES MEDICAL CTR.,POLEFIELD ROAD,PRESTWICH,MANCHESTER,,M25 2GN,A,B,0161 7733037
P84009,AILSA CRAIG MEDICAL CENTRE,Y62,QOP,AILSA CRAIG MEDICAL GROUP,270 DICKENSON ROAD,LONGSIGHT,MANCHESTER,,M13 0YL,A,B,0161 2245555
P84010,THE BORCHARDT MEDICAL CENTRE,Y62,QOP,THE BORCHARDT MEDICAL CTR,62 WHITCHURCH ROAD,WITHINGTON,MANCHESTER,,M20 1EB,A,B,0161 4382821
P84012,NORTHENDEN GROUP PRACTICE,Y62,QOP,THE NORTHENDEN GROUP PRAC,489 PALATINE ROAD,NORTHENDEN,MANCHESTER,,M22 4DH,A,B,0161 9983206
P84017,LADYBARN GROUP PRACTICE,Y62,QOP,LADYBARN GROUP PRACTICE,54 BRIARFIELD ROAD,WITHINGTON,MANCHESTER,,M20 4SS,A,B,0161 4484500
P84018,MAULDETH MEDICAL CENTRE,Y62,QOP,MAULDETH MEDICAL CENTRE,112 MAULDETH ROAD,FALLOWFIELD,MANCHESTER,,M14 6SQ,A,B,0161 4346678
P84023,SURREY LODGE PRACTICE,Y62,QOP,SURREY LODGE GROUP PRACT,11 ANSON ROAD,VICTORIA PARK,MANCHESTER,,M14 5BY,A,B,0161 2242471
P84027,WEST POINT MEDICAL CENTRE,Y62,QOP,WEST POINT MEDICAL CENTRE,167-169 SLADE LANE,LEVENSHULME,MANCHESTER,,M19 2AF,A,B,0161 2485100
P84030,NEW COLLEGIATE MEDICAL CENTRE,Y62,QOP,NEW COLLEGIATE MED.CENTRE,407 CHEETHAM HILL ROAD,CHEETHAM,MANCHESTER,,M8 0DA,A,B,0161 2054364
P84035,BODEY MEDICAL CENTRE,Y62,QOP,BODEY MEDICAL CENTRE,28 LADYBARN LANE,FALLOWFIELD,MANCHESTER,,M14 6WP,A,B,0161 2486644
P84039,THE RANGE MEDICAL CENTRE,Y62,QOP,THE RANGE MEDICAL CENTRE,121 WITHINGTON ROAD,WHALLEY RANGE,MANCHESTER,,M16 8EE,A,B,0844 4996977
P84045,THE PARK MEDICAL CENTRE,Y62,QOP,PARK MEDICAL CENTRE,434 ALTRINCHAM ROAD,BAGULEY,"WYTHENSHAW, MANCHESTER",,M23 9AB,A,B,0161 9985538
P84049,THE AVENUE MEDICAL CENTRE,Y62,QOP,THE AVENUE MEDICAL CENTRE,51-53 VICTORIA AVENUE,BLACKLEY,MANCHESTER,,M9 6BA,A,B,0161 7209441
P84053,ASHCROFT SURGERY,Y62,QOP,ASHCROFT SURGERY,803 STOCKPORT ROAD,LEVENSHULME,MANCHESTER,,M19 3BS,A,B,0161 2241329
P84054,WHITLEY ROAD MEDICAL CENTRE,Y62,QOP,WHITLEY ROAD MEDICAL CTR,1 WHITLEY ROAD,COLLYHURST,MANCHESTER,,M40 7QH,A,B,0161 2054407
P84056,PRINCESS ROAD SURGERY,Y62,QOP,PRINCESS ROAD SURGERY,471-475 PRINCESS ROAD,WITHINGTON,MANCHESTER,,M20 1BH,A,B,0161 4457805
P84057,KAYA PRACTICE,Y54,Q73,CHORLTON HEALTH CENTRE,1 NICOLAS ROAD,CHORLTON-CUM-HARDY,MANCHESTER,,M21 9NJ,C,B,0161 8816131
P84061,BROOKLANDS MEDICAL PRACTICE,Y62,QOP,BROOKLANDS MEDICAL CENTRE,594 ALTRINCHAM ROAD,WYTHENSHAWE,MANCHESTER,,M23 9JH,A,B,0161 9983818
P84063,DR CHEN & DAVIS,Y54,Q73,CHORLTON HEALTH CENTRE,1 NICOLAS ROAD,CHORLTON-CUM-HARDY,MANCHESTER,,M21 9NJ,C,B,0161 8817941
P84066,DAVID MEDICAL CENTRE,Y62,QOP,DAVID MEDICAL CENTRE,274 BARLOW MOOR ROAD,CHORLTON-CUM-HARDY,MANCHESTER,,M21 8HA,A,B,0161 8812297
P84068,CHORLTON FAMILY PRACTICE,Y62,QOP,CHORLTON HEALTH CENTRE,1 NICOLAS ROAD,CHORLTON-CUM-HARDY,MANCHESTER,,M21 9NJ,A,B,0161 8814545
P84070,NEWTON HEATH MEDICAL CENTRE,Y62,QOP,NEWTON HEATH HEALTH CTRE,2 OLD CHURCH STREET,NEWTON HEATH,MANCHESTER,,M40 2JF,A,B,0161 6811353
P84072,THE ROBERT DARBISHIRE PRACTICE,Y62,QOP,ROBERT DARBISHIRE PRACT.,RUSHOLME HEALTH CENTRE,"WALMER STREET,RUSHOLME",MANCHESTER,,M14 5NP,A,B,0161 2256699
P84631,ARTANE MEDICAL CENTRE,Y62,QOP,ARTANE MEDICAL CENTRE,1 MIDDLETON ROAD,HIGHER CRUMPSALL,MANCHESTER,,M8 5DT,C,B,01617 402785
P84639,FALLOWFIELD MEDICAL CENTRE,Y62,QOP,FALLOWFIELD MEDICAL CTR,75 LADYBARN LANE,FALLOWFIELD,MANCHESTER,,M14 6YL,A,B,0161 2244503
P84640,QUEENS MEDICAL CENTRE,Y62,QOP,CHEETHAM HILL PCC,244 CHEETHAM HILL ROAD,CHEETHAM HILL,MANCHESTER,,M8 8AU,A,B,0161 2776939
P84644,PARKSIDE SURGERY,Y62,QOP,PARKSIDE SURGERY,187 NORTHMOOR ROAD,LONGSIGHT,MANCHESTER,,M12 5RU,A,B,0161 2573338
P84645,PARK VIEW MEDICAL CENTRE,Y62,QOP,PARKVIEW MEDICAL CENTRE,66 DELAUNAYS ROAD,CRUMPSALL,MANCHESTER,,M8 4RF,A,B,0161 7955667
P84646,HULME MEDICAL CENTRE,Y54,Q46,HULME MEDICAL CENTRE,175A ROYCE ROAD,HULME,MANCHESTER,,M15 5TJ,C,B,0161 2261804
P84651,NORTHERN MOOR MEDICAL PRACTICE,Y62,QOP,NORTHERN MOOR MED PRACT,216 WYTHENSHAWE ROAD,NORTHERN MOOR,MANCHESTER,,M23 0PH,A,B,0161 9982503
P84677,DIDSBURY MEDICAL CENTRE- DR ASHWORTH,Y54,Q73,DIDSBURY MEDICAL CENTRE,645 WILMSLOW ROAD,DIDSBURY,MANCHESTER,,M20 6BA,C,B,0161 4453731
P84682,BURNAGE HEALTHCARE PRACTICE,Y62,QOP,THE SURGERY,PRIMARY CARE RESOURCE CTR,BURNAGE LANE,MANCHESTER,,M19 1EW,C,B,0161 4321404
P84689,LONGSIGHT MEDICAL PRACTICE,Y62,QOP,LONGSIGHT HEALTH CENTRE,526-528 STOCKPORT ROAD,LONGSIGHT,MANCHESTER,,M13 0RR,A,B,0161 2564488
P85008,FAILSWORTH GROUP PRACTICE,Y62,QOP,THE FAILSWORTH GROUP PRAC,FAILSWORTH DISTRICT CTR,"ASHTON RD WEST,FAILSWORTH",MANCHESTER,,M35 0AD,A,B,0161 6826297
P86004,PETERLOO MEDICAL CENTRE,Y62,QOP,PETERLOO MEDICAL CENTRE,133-135 MANCHESTER OLD RD,MIDDLETON,MANCHESTER,,M24 4DZ,A,B,0161 6435005
P86010,THE JUNCTION SURGERY,Y62,QOP,THE JUNCTION SURGERY,346 GRIMSHAW LANE,MIDDLETON JUNCTION,"MIDDLETON, MANCHESTER",,M24 2AU,A,B,0161 6557478
P86012,WOODSIDE MEDICAL CENTRE,Y62,QOP,WOODSIDE MEDICAL CENTRE,247J WOOD STREET,"LANGLEY ESTATE, MIDDLETON",MANCHESTER,,M24 5QL,A,B,0161 6439244
P86019,DURNFORD MEDICAL CENTRE,Y62,QOP,DURNFORD MEDICAL CENTRE,113 LONG STREET,MIDDLETON,MANCHESTER,,M24 6DL,A,B,011 6432011
P86606,FAMILY PRACTICE,Y62,QOP,133 BOWNESS ROAD,LANGLEY,MIDDLETON,MANCHESTER,,M24 4EN,A,B,0161 6434459
P86620,WINDERMERE SURGERY,Y62,QOP,109-111 WINDERMERE ROAD,LANGLEY,MIDDLETON,MANCHESTER,,M24 5WF,A,B,0844 4778558
P87015,PENDLETON MEDICAL CENTRE,Y62,QOP,PENDLETON GATEWAY,1 THE BROADWALK,SALFORD,MANCHESTER,,M6 5FX,A,B,0161 2117420
P87016,THE SIDES MEDICAL PRACTICE,Y62,QOP,THE SIDES MEDICAL CENTRE,MOORSIDE ROAD,SWINTON,MANCHESTER,,M27 0EW,A,B,0161 7941604
P87017,THE LIMES MEDICAL PRACTICE,Y62,QOP,THE LIMES MEDICAL CENTRE,"8-12 HODGE ROAD, WALKDEN",WORSLEY,MANCHESTER,,M28 3AT,A,B,0161 7908621
P87019,SILVERDALE MEDICAL PRACTICE,Y62,QOP,SILVERDALE MED PRACTICE,PENDLEBURY HEALTH CENTRE,"659 BOLTON RD,PENDLEBURY",MANCHESTER,,M27 8HP,A,B,0161 2126565
P87025,THE LAKES MEDICAL PRACTICE,Y62,QOP,THE LAKES MEDICAL PRACT,THE LAKES MEDICAL CTR,21 CHORLEY ROAD SWINTON,MANCHESTER,,M27 4AF,A,B,0161 7275241
P87027,LANGWORTHY MEDICAL PRACTICE,Y62,QOP,LANGWORTHY MEDICAL CENTRE,250 LANGWORTHY ROAD,SALFORD,MANCHESTER,,M6 5WW,A,B,0161 7379244
P87028,THE GILL MEDICAL PRACTICE,Y62,QOP,THE GILL MEDICAL CENTRE,5 HARRIET STREET,"WALKDEN, WORSLEY",MANCHESTER,,M28 3DR,A,B,0161 7903033
P87036,4/LOWER BROUGHTON MEDICAL PRACTICE,Y62,QOP,LOWER BROUGHTON HTH.CTR.,GREAT CLOWES STREET,SALFORD,MANCHESTER,,M7 1RD,D,B,0161 2126530
P87039,2/IRLAM MEDICAL PRACTICE,Y62,QOP,IRLAM MEDICAL CENTRE,MACDONALD ROAD,IRLAM,MANCHESTER,,M44 5LH,D,B,0161 7752760
P87610,THE MOSSLANDS MEDICAL PRACTICE,Y62,QOP,THE MOSSLANDS MED PRAC,IRLAM MEDICAL CENTRE,"MACDONALD ROAD, IRLAM",MANCHESTER,,M44 5LH,A,B,0161 7760737
P87613,CLEGGS LANE MEDICAL PRACTICE/129,Y62,QOP,THE SURGERY,129-131 CLEGGS LANE,"LITTLE HULTON, WORSLEY",MANCHESTER,,M38 9RS,A,B,0161 7994001
P87618,DR LOOMBA AND PARTNERS,Y62,QOP,1ST FL WALKDEN GATEWAY,2 SMITH STREET,WALKDEN,MANCHESTER,,M28 3EZ,A,B,0161 2117175
P87625,DEARDEN AVENUE MEDICAL PRACTICE,Y62,QOP,THE SURGERY,1A DEARDEN AVENUE,LITTLE HULTON,MANCHESTER,,M38 9GH,A,B,0161 9830011
P87634,CLARENDON MEDICAL PRACTICE,Y62,QOP,CLARENDON SURGERY,PENDLETON GATEWAY,"1 THE BROADWALK, SALFORD",MANCHESTER,,M6 5FX,A,B,0161 2117373
P87637,THE NELSON FOLD MEDICAL PRACTICE,Y54,Q46,PENDLEBURY HEALTH CENTRE,659 BOLTON ROAD,PENDLEBURY,MANCHESTER,,M27 8HP,C,B,0161 2126585
P87649,CHAPEL GROUP MEDICAL CENTRE,Y62,QOP,CHAPEL MEDICAL CENTRE,220 LIVERPOOL ROAD,HIGHER IRLAM,MANCHESTER,,M44 6FE,A,B,0161 7757373
P87657,(IRLAM) SALFORD CARE CTRS MEDICAL PRACTI,Y62,QOP,SALFORD CARE CTR(IRLAM),125 LIVERPOOL ROAD,IRLAM,MANCHESTER,,M44 6DP,A,B,0161 7750000
P87658,THE WILLOWS MEDICAL PRACTICE,Y62,QOP,THE WILLOWS,LORDS AVENUE,SALFORD,MANCHESTER,,M5 5JR,A,B,0161 7362356
P87660,ECCLES GATEWAY MEDICAL CENTRE,Y62,QOP,ECCLES GATEWAY MED CTR,28 BARTON LANE,ECCLES,MANCHESTER,,M30 0TU,D,B,0161 2117039
P87665,FAMILY PLANNING CLINIC,Y54,Q83,THE GOODMAN CENTRE,LANCEBURNHC CHURCHILLWAY,SALFORD,MANCHESTER,,M6 5QX,C,B,0161 2124190
P87666,SALFORD ROYAL FOUNDATION TRUST,Y54,Q46,SANDRINGHAM HOUSE,CASTLE COURT WINDSOR ST,SALFORD,MANCHESTER,,M5 4DG,C,B,0161 2124128
P89019,CHURCHGATE SURGERY,Y54,Q83,CHURCHGATE SURGERY,119 MANCHESTER ROAD,DENTON,MANCHESTER,,M34 3RA,C,B,0161 3362114
P91018,DELAMERE MEDICAL PRACTICE,Y62,QOP,THE DELAMERE MED PRACT,DELAMERE AVENUE,STRETFORD,MANCHESTER,,M32 0DF,A,B,0161 8640200
P91019,PARTINGTON CENTRAL SURGERY,Y62,QOP,PARTINGTON CENTRAL SURG,PARTINGTON HEALTH CENTRE,"CENTRAL ROAD, PARTINGTON",MANCHESTER,,M31 4FY,A,B,0161 7757032
P91020,LIMELIGHT HEALTH AND WELLBEING HUB,Y62,QOP,LIMELIGHT,1 ST BRIDES WAY,OLD TRAFFORD,MANCHESTER,,M16 9NW,A,B,0161 2267777
P91026,PARTINGTON FAMILY PRACTICE,Y62,QOP,PARTINGTON HEALTH CENTRE,CENTRAL ROAD,PARTINGTON,MANCHESTER,,M31 4FL,A,B,0161 7757033
P91027,ALI MEDICAL PRACTICE,Y54,Q83,SEYMOUR GROVE HEALTH CTR,70 SEYMOUR GROVE,OLD TRAFFORD,MANCHESTER,,M16 0LW,C,B,0161 8721870
P91029,FLIXTON ROAD MEDICAL CENTRE,Y62,QOP,FLIXTON ROAD MEDICAL CTR,132 FLIXTON ROAD,URMSTON,MANCHESTER,,M41 5BG,A,B,0161 7482021
P91619,OLD TRAFFORD MEDICAL PRACTICE,Y62,QOP,SEYMOUR GROVE HEALTH CTR.,70 SEYMOUR GROVE,OLD TRAFFORD,MANCHESTER,,M16 0LW,D,B,0161 8487563
P91629,NORTH TRAFFORD GROUP PRACTICE,Y62,QOP,NORTH TRAFFORD GROUP PRAC,864/866 CHESTER ROAD,STRETFORD,MANCHESTER,,M32 0PA,A,B,0161 8655556
P91630,SEYMOUR GROVE HEALTH CENTRE,Y54,Q46,SEYMOUR GROVE HEALTH CTR.,70 SEYMOUR GROVE,OLD TRAFFORD,MANCHESTER,,M16 0LW,C,B,0161 8779230
P92020,SIVAKUMAR & PARTNER,Y62,QOP,THE SURGERY,"1 COLDALHURST LANE,ASTLEY",TYLDESLEY,MANCHESTER,,M29 7BS,A,B,01942 878711
P92605,DR ANDERSON & DR AHMED,Y62,QOP,THE SURGERY,239 MOSLEY COMMON ROAD,"BOOTHSTOWN, WORSLEY",MANCHESTER,,M28 1BZ,A,B,01942 483828
P92626,MEADOWVIEW SURGERY,Y62,QOP,ORMEROD HOUSE,ATHERTON HEALTH CENTRE,NELSON STREET,"ATHERTON, MANCHESTER",,M46 0LE,A,B,01942 481060
P92633,BEE FOLD MEDICAL CENTRE,Y62,QOP,BEE FOLD MEDICAL CENTRE,BEE FOLD LANE,ATHERTON,MANCHESTER,,M46 0BD,A,B,01942 876011
P92646,DR VARDHAN'S SURGERY,Y62,QOP,THE SURGERY,10 HIGHER GREEN LANE,"ASTLEY, TYLDESLEY",NR.MANCHESTER,,M29 7HG,A,B,01942 883794
Y00073,ST ANN'S HOSPICE/PAL CARE,Y62,QOP,ST ANN'S HOSPICE,"PEEL LANE,LITTLE HULTON",WORSLEY,MANCHESTER,,M28 0FE,A,B,0161 7028181
Y00195,"SOUTHPORT, FORMBY AND SOUTH SEFTON OOH",Y62,QOP,NEW CENTURY HOUSE,PROGRESS WAY,DENTON,MANCHESTER,,M34 2GP,A,B,0161 9342828
Y00277,INTERMEDIATE CARE,Y54,Q46,LONGSIGHT HEALTH CENTRE,526-528 STOCKPORT ROAD,LONGSIGHT,MANCHESTER,,M13 0RR,C,B,0161 2564488
Y00456,CARDIOLOGY SERVICE,Y54,Q46,GLOUCESTER HOUSE,17 STATION ROAD,URMSTON,MANCHESTER,,M41 9JS,C,B,0161 7487115
Y00491,VIOLENT PATIENT ENHANCED SERVICE 2,Y54,Q46,WHITLEY ROAD MEDICAL CTR,1 WHITLEY ROAD,COLLYHURST,MANCHESTER,,M40 7QH,C,B,0161 8612500
Y00998,COMMUNITY GERIATRICIANS,Y54,Q46,WYTHENSHAWE HTH CARE CTR,STANCLIFFE ROAD,WYTHENSHAWE,MANCHESTER,,M22 4PJ,C,B,0161 9469406
Y01974,NON PRACTICE PRESCRIBERS,Y54,Q46,NEW CENTURY HOUSE,WINDMILL LANE,DENTON,MANCHESTER,,M34 2GP,C,B,0161 3045300
Y02129,TRAFFORD HEALTH CENTRE,Y62,QOP,TRAFFORD HEALTH CENTRE,"TRAFFORD GH,MOORSIDE ROAD",DAVYHULME,MANCHESTER,,M41 5SL,C,B,0161 7474975
Y02210,INTERMEDIATE CARE,Y62,QOP,HENESY HOUSE,1 WHITLEY ROAD,COLLYHURST,MANCHESTER,,M40 7QH,A,B,0161 2054407
Y02330,NURSING HOME PROJECT TEAM (SOUTH),Y62,QOP,WYTHENSHAWE H/CARE CENTRE,1 STANCLIFFE ROAD,WYTHENSHAWE,MANCHESTER,,M22 4PJ,A,B,0161 9468258
Y02733,DERMATOLOGY CATS,Y54,Q46,THE VALLANCE,BRUNSWICK STREET,BRUNSWICK,MANCHESTER,,M13 9UJ,C,B,0161 2741552
Y02980,CONSULTANT SERVICE,Y54,Q46,WALKDEN GATEWAY,2 SMITH STREET,WALKDEN,MANCHESTER,,M28 3EZ,C,B,0161 2127104
Y03046,PALLIATIVE CARE CLINIC,Y62,QOP,PENDLETON GATEWAY,1 BROADWALK,SALFORD,MANCHESTER,,M6 5FX,A,B,0161 2060903
Y03228,PRIMARY CARE RESPIRATORY SERVICE,Y62,QOP,PATIENT SERVICE CENTRE,PRIESTLEY ROAD,WORSLEY,MANCHESTER,,M28 2UT,A,B,0800 0121858
Y03423,BROOK PENNINE,Y62,QOP,3 DERBY ROAD,,SALFORD,MANCHESTER,,M5 5NZ,A,B,0161 6229848
Y04571,ORTHOPTIC DEPARTMENT,Y62,QOP,SANDRINGHAM HOUSE,CASTLE COURT WINDSOR ST,SALFORD,MANCHESTER,,M5 4DG,A,B,0161 2124128
Y04605,SMGPF,Y62,QOP,BORCHARDT MEDICAL CENTRE,62 WHITCHURCH ROAD,FALLOWFIELD,MANCHESTER,,M20 1EB,A,B,0161 4382821
Y04955,HOPE CITADEL WIC,Y54,Q83,UNIT F1,MIDDLETON SHOPPING CENTRE,MIDDLETON,MANCHESTER,,M24 4EL,C,B,0161 6557434
Y05253,7 DAY ACCESS MIDDLETON HC,Y62,QOP,"MIDDLETON HC,UNIT 1",MIDDLETON SHOPPING CENTRE,MIDDLETON,MANCHESTER,,M24 2EL,A,B,0161 7638292
Y05621,NL COMMUNITY RESPIRATORY SERVICE,Y63,QOQ,BOC RESPIRATORY SERVICES,PRIESTLEY ROAD,WORSLEY,MANCHESTER,,M28 2UT,A,B,0800 0121858
Y05659,CARE HOME LIAISON TEAM,Y62,QOP,CLAIRE HOUSE,PHOENIX WAY,WIGAN,MANCHESTER,,WN3 4NW,A,B,01942 482239
Y05760,PALLIATIVE CARE SERVICE,Y62,QOP,ST ANN'S HOSPICE,MEADOWSWEET LANE,LITTLE HULTON,MANCHESTER,,M28 0FE,A,B,0161 7028181
Y05866,SALFORD ACUTE HOME VISITING SERVICE,Y62,QOP,SALFORD PCT,"2 CITY APPROACH,ALBERT ST",ECCLES,MANCHESTER,,M30 0BL,A,B,0161 2124231
Y06450,PRIMARY CARE ACCESS SERVICE,Y62,QOP,"GTD, NEW CENTURY HOUSE",PROGRESS WAY,"OFF WINDMILL LANE,DENTON",MANCHESTER,,M34 2GP,A,B,0161 3373465
Y07000,PES @ EYE2C OPTOMETRY MANCHESTER,Y62,QOP,2 GIBWOOD ROAD,,NORTHENDEN,MANCHESTER,,M22 4BT,A,B,0161 9472720
Y07001,PES @ THE EYE SITE OPTICIANS MANCHESTER,Y62,QOP,58 BURY ROAD,,,MANCHESTER,,M8 5BN,A,B,07956 260301
P85004,CHADDERTON MEDICAL PRACTICE,Y62,QOP,CHADDERTON TOWN HTH.CTR.,MIDDLETON ROAD,CHADDERTON,OLDHAM,,OL9 0LH,A,B,0161 9098144
P85019,ROYTON MEDICAL CENTRE,Y62,QOP,ROYTON MEDICAL CENTRE,MARKET STREET,ROYTON,OLDHAM,,OL2 5QA,A,B,0161 6526336
P85029,RADCLIFFE MEDICAL PRACTICE,Y54,Q73,RADCLIFFE MED PRACT,BARLEY CLOUGH MEDICAL CTR,NUGGET STREET,OLDHAM,,OL4 1BN,C,B,0161 9098377
P85606,MOORSIDE MEDICAL PRACTICE,Y62,QOP,MOORSIDE MEDICAL CENTRE,681 RIPPONDEN ROAD,MOORSIDE,OLDHAM,,OL1 4JU,A,B,0161 3448150
P85607,CHADDERTON SOUTH HEALTH CENTRE,Y62,QOP,CHADDERTON SOUTH HTH.CTR.,EAVES LANE,CHADDERTON,OLDHAM,,OL9 8RG,A,B,0161 6521876
P85614,VILLAGE MEDICAL PRACTICE,Y62,QOP,VILLAGE MEDICAL PRACTICE,CROMPTON HEALTH CENTRE,HIGH STREET,"SHAW, OLDHAM",,OL2 8ST,A,B,01706 881028
P85620,ST CHADS MEDICAL PRACTICE,Y62,QOP,ST CHADS MEDICAL PRACTICE,ST CHADS CENTRE,LIME GREEN PARADE,OLDHAM,,OL8 3HH,A,B,0161 6201611
P85623,BROOK ADVISORY CENTRE,Y62,QOP,WEST PENNINE,BROOK ADVISORY CENTRE,99 UNION STREET,OLDHAM,,OL1 1QH,A,B,0161 6270200
Y00305,TIER 2 SERVICES,Y62,QOP,2ND FLOOR,ELLEN HOUSE,WADDINGTON STREET,OLDHAM,,OL9 6EE,A,B,0161 6226576
P81088,WHITWORTH MEDICAL CENTRE,Y62,QE1,THE MEDICAL CENTRE,MARKET STREET,WHITWORTH,ROCHDALE,,OL12 8QS,A,B,01706 852238
A99978,BOLTON BCSC,Y62,QOP,THE ROYAL BOLTON HOSPITAL,MINERVA ROAD,FARNWORTH,BOLTON,,BL4 0JR,A,B,01204 390390
P82003,KILDONAN HOUSE,Y62,QOP,KILDONAN HOUSE,RAMSBOTTOM ROAD,HORWICH,BOLTON,,BL6 5NW,A,B,01204 468161
P82005,STABLE FOLD SURGERY,Y62,QOP,STABLE FOLD SURGERY,119 CHURCH STREET,WESTHOUGHTON,BOLTON,,BL5 3SF,A,B,01942 813678
P82015,UNSWORTH GROUP PRACTICE,Y62,QOP,UNSWORTH GROUP PRACTICE,PETER HOUSE SURGERY,CAPTAIN LEES ROAD,"WESTHOUGHTON,BOLTON",,BL5 3UB,A,B,01942 812525
P82022,HALLIWELL SURGERY 1,Y62,QOP,THE HALLIWELL SURGERY,LINDFIELD DRIVE,HALLIWELL,BOLTON,,BL1 3RG,A,B,01204 523642
P82025,BURNSIDE SURGERY,Y62,QOP,BURNSIDE SURGERY,WATERS MEETING HC,NAVIGATION PARK,"WATERS MEETING RD, BOLTON",,BL1 8TU,A,B,01204 462930
P82034,EDGWORTH MEDICAL CENTRE,Y62,QOP,EGERTON/DUNSCAR HLTH CTRE,DARWEN ROAD,BROMLEY CROSS,BOLTON,,BL7 9RG,A,B,01204 462233
P82037,FIG TREE MEDICAL PRACTICE,Y62,QOP,FARNWORTH HEALTH CENTRE,FREDERICK STREET,FARNWORTH,BOLTON,,BL4 9AL,A,B,01204 795170
P82613,SPRING VIEW MEDICAL CENTRE,Y62,QOP,SPRING VIEW MEDICAL CTR.,MYTHAM ROAD,LITTLE LEVER,BOLTON,,BL3 1HQ,A,B,01204 578128
P82625,CHARLOTTE STREET SURGERY,Y62,QOP,WATERS MEETING HC,NAVIGATION PARK,WATERS MEETING ROAD,BOLTON,,BL1 8TU,A,B,01204 462966
P82643,EGERTON/DUNSCAR HEALTH CENTRE,Y62,QOP,EGERTON/DUNSCAR HLTH CTRE,DARWEN ROAD,BROMLEY CROSS,BOLTON,,BL7 9RG,A,B,01204 463232
Y00208,TIER 2 DERMATOLOGY SERVICE,Y62,QOP,LEVER CHAMBERS,CENTRE FOR HEALTH,ASHBURNER STREET,BOLTON,,BL1 1SQ,A,B,01204 872730
Y00215,ORTHOPAEDIC & RHEUMATOLOGY,Y62,QOP,ORTHOPAEDIC DEPT,LEVER CHAMBERS,CENTRE FOR HEALTH,"ASHBURNER STREET,BOLTON",,BL1 1SQ,A,B,01204 462752
Y00409,NEURO-REHAB SERVICE,Y62,QOP,BREIGHTMET HEALTH CENTRE,BREIGHTMET FOLD LANE,BREIGHTMET,BOLTON,,BL2 6NT,A,B,01204 462766
Y00504,ACCIDENT & EMERGENCY DEPT,Y62,QOP,ROYAL BOLTON HOSPITAL,MINERVA ROAD,FARNWORTH,BOLTON,,BL4 0JR,A,B,01204 390300
Y00552,MINOR TREATMENT CLINIC,Y62,QOP,LEVER CHAMBERS,CENTRE FOR HEALTH,ASHBURNER STREET,BOLTON,,BL1 1SQ,A,B,01204 360000
Y01245,BOLTON PCT FAMILY PLANNING SERVICE,Y62,QOP,LEVER CHAMBERS,CENTRE FOR HEALTH,ASHBURNER STREET,BOLTON,,BL1 1SQ,A,B,01204 390771
Y01740,URGENT CARE UNIT,Y62,QOP,ROYAL BOLTON HOSPITAL,MINERVA ROAD,,BOLTON,,BL4 0JR,A,B,01204 390352
Y02943,NEUROLOGY LONG TERM CONDITIONS,Y62,QOP,BREIGHTMET HEALTH CENTRE,BREIGHTMET FOLD LANE,BREIGHTMET,BOLTON,,BL2 6NT,A,B,01204 462766
P92003,THE DICCONSON GROUP PRACTICE,Y62,QOP,BOSTON HOUSE,WIGAN HEALTH CENTRE,FROG LANE,WIGAN,,WN6 7LB,A,B,01942 482000
P92004,DR TUN & PARTNERS,Y62,QOP,HINDLEY HEALTH CENTRE,17 LIVERPOOL ROAD,HINDLEY,NR. WIGAN,,WN2 3HQ,A,B,01942 482505
P92005,ZAMAN,Y62,QOP,CHANDLER HOUSE,WORSLEY MESNES HEALTH CTR,POOLSTOCK LANE,"WIGAN, LANCASHIRE",,WN3 5HL,A,B,01942 481423
P92024,THE CHANDLER SURGERY,Y62,QOP,CHANDLER HOUSE,WORSLEY MESNES HEALTH CTR,POOLSTOCK LANE,"WIGAN, LANCASHIRE",,WN3 5HL,A,B,01942 481440
P92031,ULLAH M,Y62,QOP,PLATT BRIDGE HC,RIVINGTON AVENUE,PLATT BRIDGE,WIGAN,,WN2 5NG,A,B,01942 482370
P92038,SAXENA L,Y62,QOP,WINSTANLEY MEDICAL CENTRE,HOLMES HOUSE AVENUE,WINSTANLEY,WIGAN,,WN3 6JN,A,B,01942 483213
P92041,PITALIA S,Y62,QOP,ASHTON MEDICAL CENTRE,120 WIGAN ROAD,ASHTON-IN-MAKERFIELD,NR.WIGAN,,WN4 9SU,A,B,01942 727325
P92620,LOWER INCE SURGERY,Y62,QOP,CLAIRE HOUSE,LOWER INCE HEALTH CTR,"PHOENIX WAY, LOWER INCE","WIGAN, LANCASHIRE",,WN3 4NW,A,B,01942 481140
P92642,MARUS BRIDGE PRACTICE,Y62,QOP,CHANDLER HOUSE,WORSLEY MESNES HEALTH CTR,POOLSTOCK LANE,"WIGAN, LANCASHIRE",,WN3 5HL,A,B,01942 481500
P92647,HAWKLEY BROOK MEDICAL PRACTICE,Y62,QOP,CHANDLER HOUSE,WORSLEY MESNES HEALTH CTR,POOLSTOCK LANE,"WIGAN, LANCASHIRE",,WN3 5HL,A,B,01942 481400
P92653,SHAKESPEARE SURGERY,Y62,QOP,CHANDLER HOUSE,WORSLEY MESNES HEALTH CTR,POOLSTOCK LANE,"WIGAN, LANCASHIRE",,WN3 5HL,A,B,01942 481531
Y01722,COPD TIER TWO SERVICE,Y62,QOP,WIGAN HEALTH CENTRE,BOSTON HOUSE,FROG LANE,WIGAN,,WN6 7LB,A,B,01942 482230
Y01723,HEART FAILURE TIER TWO SERVICE,Y62,QOP,WIGAN HEALTH CENTRE,BOSTON HOUSE,FROG LANE,WIGAN,,WN6 7LB,A,B,01942 482230
Y01724,DERMATOLOGY TIER TWO SERVICE,Y62,QOP,WIGAN HEALTH CENTRE,BOSTON HOUSE,FROG LANE,WIGAN,,WN6 7LB,A,B,01942 482230
Y01725,DIABETES TIER TWO SERVICE,Y62,QOP,WIGAN HEALTH CENTRE,BOSTON HOUSE,FROG LANE,WIGAN,,WN6 7LB,A,B,01942 482230
Y02225,SULLIVAN WAY SEXUAL HEALTH CLINIC,Y54,Q46,SULLIVAN WAY SURGERY,,SCHOLES,WIGAN,,WN1 3TB,C,B,0797 4490068
Y03411,CYP MINOR ILLNESS SERVICE,Y54,Q83,PLATT BRIDGE HEALTH CTR.,RIVINGTON AVENUE,PLATT BRIDGE,WIGAN,,WN2 5NG,C,B,07521 600150
Y03979,WWL COMMUNITY NURSES,Y62,QOP,WWL NHS FT,WIGAN INFIRMARY,WIGAN LANE,WIGAN,,WN1 2NN,A,B,01942 773104
P87667,THE WILLOWS/LUSC,Y62,QOP,THE WILLOWS,CENTRE FOR HEALTH CARE,"LORDS AVENUE,WEASTE",SALFORD,,M5 5JR,A,B,0161 2124300
Y00074,MEADOWBROOK/LDP,Y62,QOP,MEADOWBROOK,DEPARTMENT OF,PSYCHOLOGICAL MEDICINE,"STOTT LANE, SALFORD",,M6 8HG,A,B,0161 7723725
