<metadata xml:lang="en"><Esri><CreaDate>20181005</CreaDate><CreaTime>11062700</CreaTime><ArcGISFormat>1.0</ArcGISFormat><SyncOnce>FALSE</SyncOnce><DataProperties><itemProps><itemName Sync="TRUE">Surface_Water_Flood_Risk_Exposure_Grid_People_Sensitivity_Grid</itemName><imsContentType Sync="TRUE">002</imsContentType><itemLocation><linkage Sync="TRUE">file://\\EX012965\C$\Temp\EA\IndicativeFloodRiskAreas\SHP\data\Surface_Water_Flood_Risk_Exposure_Grid_People_Sensitivity_Grid.shp</linkage><protocol Sync="TRUE">Local Area Network</protocol></itemLocation><itemSize Sync="TRUE">0.000</itemSize></itemProps><coordRef><type Sync="TRUE">Projected</type><geogcsn Sync="TRUE">GCS_OSGB_1936</geogcsn><csUnits Sync="TRUE">Linear Unit: Meter (1.000000)</csUnits><projcsn Sync="TRUE">British_National_Grid</projcsn><peXml Sync="TRUE">&lt;ProjectedCoordinateSystem xsi:type='typens:ProjectedCoordinateSystem' xmlns:xsi='http://www.w3.org/2001/XMLSchema-instance' xmlns:xs='http://www.w3.org/2001/XMLSchema' xmlns:typens='http://www.esri.com/schemas/ArcGIS/10.6'&gt;&lt;WKT&gt;PROJCS[&amp;quot;British_National_Grid&amp;quot;,GEOGCS[&amp;quot;GCS_OSGB_1936&amp;quot;,DATUM[&amp;quot;D_OSGB_1936&amp;quot;,SPHEROID[&amp;quot;Airy_1830&amp;quot;,6377563.396,299.3249646]],PRIMEM[&amp;quot;Greenwich&amp;quot;,0.0],UNIT[&amp;quot;Degree&amp;quot;,0.0174532925199433]],PROJECTION[&amp;quot;Transverse_Mercator&amp;quot;],PARAMETER[&amp;quot;False_Easting&amp;quot;,400000.0],PARAMETER[&amp;quot;False_Northing&amp;quot;,-100000.0],PARAMETER[&amp;quot;Central_Meridian&amp;quot;,-2.0],PARAMETER[&amp;quot;Scale_Factor&amp;quot;,0.9996012717],PARAMETER[&amp;quot;Latitude_Of_Origin&amp;quot;,49.0],UNIT[&amp;quot;Meter&amp;quot;,1.0],AUTHORITY[&amp;quot;EPSG&amp;quot;,27700]]&lt;/WKT&gt;&lt;XOrigin&gt;-5220400&lt;/XOrigin&gt;&lt;YOrigin&gt;-15524400&lt;/YOrigin&gt;&lt;XYScale&gt;450481592.76709664&lt;/XYScale&gt;&lt;ZOrigin&gt;-100000&lt;/ZOrigin&gt;&lt;ZScale&gt;10000&lt;/ZScale&gt;&lt;MOrigin&gt;-100000&lt;/MOrigin&gt;&lt;MScale&gt;10000&lt;/MScale&gt;&lt;XYTolerance&gt;0.001&lt;/XYTolerance&gt;&lt;ZTolerance&gt;0.001&lt;/ZTolerance&gt;&lt;MTolerance&gt;0.001&lt;/MTolerance&gt;&lt;HighPrecision&gt;true&lt;/HighPrecision&gt;&lt;WKID&gt;27700&lt;/WKID&gt;&lt;LatestWKID&gt;27700&lt;/LatestWKID&gt;&lt;/ProjectedCoordinateSystem&gt;</peXml></coordRef><lineage><Process ToolSource="c:\program files (x86)\arcgis\desktop10.6\ArcToolbox\Toolboxes\Conversion Tools.tbx\FeatureClassToFeatureClass" Date="20181108" Time="173533">FeatureClassToFeatureClass Surface_Water_Flood_Risk_Exposure_Grid_People_Sensitivity_Grid C:\Temp\EA\IndicativeFloodRiskAreas\SHP\data Surface_Water_Flood_Risk_Exposure_Grid_People_Sensitivity_Grid.shp # "easting "easting" true true false 8 Double 8 38 ,First,#,Surface_Water_Flood_Risk_Exposure_Grid_People_Sensitivity_Grid,easting,-1,-1;northing "northing" true true false 8 Double 8 38 ,First,#,Surface_Water_Flood_Risk_Exposure_Grid_People_Sensitivity_Grid,northing,-1,-1;gridsq "gridsq" true true false 10 Text 0 0 ,First,#,Surface_Water_Flood_Risk_Exposure_Grid_People_Sensitivity_Grid,gridsq,-1,-1;res_100 "res_100" true true false 4 Long 0 10 ,First,#,Surface_Water_Flood_Risk_Exposure_Grid_People_Sensitivity_Grid,res_100,-1,-1;res_1000 "res_1000" true true false 4 Long 0 10 ,First,#,Surface_Water_Flood_Risk_Exposure_Grid_People_Sensitivity_Grid,res_1000,-1,-1;res_1000b "res_1000b" true true false 4 Long 0 10 ,First,#,Surface_Water_Flood_Risk_Exposure_Grid_People_Sensitivity_Grid,res_1000b,-1,-1;ppl_100 "ppl_100" true true false 8 Double 8 38 ,First,#,Surface_Water_Flood_Risk_Exposure_Grid_People_Sensitivity_Grid,ppl_100,-1,-1;ppl_1000 "ppl_1000" true true false 8 Double 8 38 ,First,#,Surface_Water_Flood_Risk_Exposure_Grid_People_Sensitivity_Grid,ppl_1000,-1,-1;ppl_1000b "ppl_1000b" true true false 8 Double 8 38 ,First,#,Surface_Water_Flood_Risk_Exposure_Grid_People_Sensitivity_Grid,ppl_1000b,-1,-1;keys_100 "keys_100" true true false 4 Long 0 10 ,First,#,Surface_Water_Flood_Risk_Exposure_Grid_People_Sensitivity_Grid,keys_100,-1,-1;keys_1000 "keys_1000" true true false 4 Long 0 10 ,First,#,Surface_Water_Flood_Risk_Exposure_Grid_People_Sensitivity_Grid,keys_1000,-1,-1;keys_1000b "keys_1000b" true true false 4 Long 0 10 ,First,#,Surface_Water_Flood_Risk_Exposure_Grid_People_Sensitivity_Grid,keys_1000b,-1,-1;nres_100 "nres_100" true true false 4 Long 0 10 ,First,#,Surface_Water_Flood_Risk_Exposure_Grid_People_Sensitivity_Grid,nres_100,-1,-1;nres_1000 "nres_1000" true true false 4 Long 0 10 ,First,#,Surface_Water_Flood_Risk_Exposure_Grid_People_Sensitivity_Grid,nres_1000,-1,-1;nres_1000b "nres_1000b" true true false 4 Long 0 10 ,First,#,Surface_Water_Flood_Risk_Exposure_Grid_People_Sensitivity_Grid,nres_1000b,-1,-1;bs_100 "bs_100" true true false 4 Long 0 10 ,First,#,Surface_Water_Flood_Risk_Exposure_Grid_People_Sensitivity_Grid,bs_100,-1,-1;bs_100b "bs_100b" true true false 4 Long 0 10 ,First,#,Surface_Water_Flood_Risk_Exposure_Grid_People_Sensitivity_Grid,bs_100b,-1,-1;bs_1000 "bs_1000" true true false 4 Long 0 10 ,First,#,Surface_Water_Flood_Risk_Exposure_Grid_People_Sensitivity_Grid,bs_1000,-1,-1;bs_1000b "bs_1000b" true true false 4 Long 0 10 ,First,#,Surface_Water_Flood_Risk_Exposure_Grid_People_Sensitivity_Grid,bs_1000b,-1,-1;st_area_sh "st_area_sh" false true true 0 Double 0 0 ,First,#,Surface_Water_Flood_Risk_Exposure_Grid_People_Sensitivity_Grid,st_area(shape),-1,-1;st_perimet "st_perimet" false true true 0 Double 0 0 ,First,#,Surface_Water_Flood_Risk_Exposure_Grid_People_Sensitivity_Grid,st_perimeter(shape),-1,-1" #</Process></lineage></DataProperties><SyncDate>20181108</SyncDate><SyncTime>17341800</SyncTime><ModDate>20181108</ModDate><ModTime>17341800</ModTime></Esri><dataIdInfo><envirDesc Sync="TRUE"> Version 6.2 (Build 9200) ; Esri ArcGIS 10.6.1.9270</envirDesc><dataLang><languageCode value="eng" Sync="TRUE"></languageCode><countryCode value="GBR" Sync="TRUE"></countryCode></dataLang><idCitation><resTitle Sync="TRUE">Surface_Water_Flood_Risk_Exposure_Grid_People_Sensitivity_Grid</resTitle><presForm><PresFormCd value="005" Sync="TRUE"></PresFormCd></presForm></idCitation><spatRpType><SpatRepTypCd value="001" Sync="TRUE"></SpatRepTypCd></spatRpType></dataIdInfo><mdLang><languageCode value="eng" Sync="TRUE"></languageCode><countryCode value="GBR" Sync="TRUE"></countryCode></mdLang><distInfo><distFormat><formatName Sync="TRUE">Shapefile</formatName></distFormat><distTranOps><transSize Sync="TRUE">0.000</transSize></distTranOps></distInfo><mdHrLv><ScopeCd value="005" Sync="TRUE"></ScopeCd></mdHrLv><mdHrLvName Sync="TRUE">dataset</mdHrLvName><refSysInfo><RefSystem><refSysID><identCode code="27700" Sync="TRUE"></identCode><idCodeSpace Sync="TRUE">EPSG</idCodeSpace><idVersion Sync="TRUE">8.9.5(3.0.1)</idVersion></refSysID></RefSystem></refSysInfo><spatRepInfo><VectSpatRep><geometObjs Name="Surface_Water_Flood_Risk_Exposure_Grid_People_Sensitivity_Grid"><geoObjTyp><GeoObjTypCd value="002" Sync="TRUE"></GeoObjTypCd></geoObjTyp><geoObjCnt Sync="TRUE">0</geoObjCnt></geometObjs><topLvl><TopoLevCd value="001" Sync="TRUE"></TopoLevCd></topLvl></VectSpatRep></spatRepInfo><spdoinfo><ptvctinf><esriterm Name="Surface_Water_Flood_Risk_Exposure_Grid_People_Sensitivity_Grid"><efeatyp Sync="TRUE">Simple</efeatyp><efeageom code="4" Sync="TRUE"></efeageom><esritopo Sync="TRUE">FALSE</esritopo><efeacnt Sync="TRUE">0</efeacnt><spindex Sync="TRUE">FALSE</spindex><linrefer Sync="TRUE">FALSE</linrefer></esriterm></ptvctinf></spdoinfo><eainfo><detailed Name="Surface_Water_Flood_Risk_Exposure_Grid_People_Sensitivity_Grid"><enttyp><enttypl Sync="TRUE">Surface_Water_Flood_Risk_Exposure_Grid_People_Sensitivity_Grid</enttypl><enttypt Sync="TRUE">Feature Class</enttypt><enttypc Sync="TRUE">0</enttypc></enttyp><attr><attrlabl Sync="TRUE">FID</attrlabl><attalias Sync="TRUE">FID</attalias><attrtype Sync="TRUE">OID</attrtype><attwidth Sync="TRUE">4</attwidth><atprecis Sync="TRUE">0</atprecis><attscale Sync="TRUE">0</attscale><attrdef Sync="TRUE">Internal feature number.</attrdef><attrdefs Sync="TRUE">Esri</attrdefs><attrdomv><udom Sync="TRUE">Sequential unique whole numbers that are automatically generated.</udom></attrdomv></attr><attr><attrlabl Sync="TRUE">easting</attrlabl><attalias Sync="TRUE">easting</attalias><attrtype Sync="TRUE">Double</attrtype><attwidth Sync="TRUE">19</attwidth><atprecis Sync="TRUE">18</atprecis><attscale Sync="TRUE">8</attscale></attr><attr><attrlabl Sync="TRUE">northing</attrlabl><attalias Sync="TRUE">northing</attalias><attrtype Sync="TRUE">Double</attrtype><attwidth Sync="TRUE">19</attwidth><atprecis Sync="TRUE">18</atprecis><attscale Sync="TRUE">8</attscale></attr><attr><attrlabl Sync="TRUE">gridsq</attrlabl><attalias Sync="TRUE">gridsq</attalias><attrtype Sync="TRUE">String</attrtype><attwidth Sync="TRUE">10</attwidth><atprecis Sync="TRUE">0</atprecis><attscale Sync="TRUE">0</attscale></attr><attr><attrlabl Sync="TRUE">res_100</attrlabl><attalias Sync="TRUE">res_100</attalias><attrtype Sync="TRUE">Integer</attrtype><attwidth Sync="TRUE">10</attwidth><atprecis Sync="TRUE">10</atprecis><attscale Sync="TRUE">0</attscale></attr><attr><attrlabl Sync="TRUE">res_1000</attrlabl><attalias Sync="TRUE">res_1000</attalias><attrtype Sync="TRUE">Integer</attrtype><attwidth Sync="TRUE">10</attwidth><atprecis Sync="TRUE">10</atprecis><attscale Sync="TRUE">0</attscale></attr><attr><attrlabl Sync="TRUE">res_1000b</attrlabl><attalias Sync="TRUE">res_1000b</attalias><attrtype Sync="TRUE">Integer</attrtype><attwidth Sync="TRUE">10</attwidth><atprecis Sync="TRUE">10</atprecis><attscale Sync="TRUE">0</attscale></attr><attr><attrlabl Sync="TRUE">ppl_100</attrlabl><attalias Sync="TRUE">ppl_100</attalias><attrtype Sync="TRUE">Double</attrtype><attwidth Sync="TRUE">19</attwidth><atprecis Sync="TRUE">18</atprecis><attscale Sync="TRUE">8</attscale></attr><attr><attrlabl Sync="TRUE">ppl_1000</attrlabl><attalias Sync="TRUE">ppl_1000</attalias><attrtype Sync="TRUE">Double</attrtype><attwidth Sync="TRUE">19</attwidth><atprecis Sync="TRUE">18</atprecis><attscale Sync="TRUE">8</attscale></attr><attr><attrlabl Sync="TRUE">ppl_1000b</attrlabl><attalias Sync="TRUE">ppl_1000b</attalias><attrtype Sync="TRUE">Double</attrtype><attwidth Sync="TRUE">19</attwidth><atprecis Sync="TRUE">18</atprecis><attscale Sync="TRUE">8</attscale></attr><attr><attrlabl Sync="TRUE">keys_100</attrlabl><attalias Sync="TRUE">keys_100</attalias><attrtype Sync="TRUE">Integer</attrtype><attwidth Sync="TRUE">10</attwidth><atprecis Sync="TRUE">10</atprecis><attscale Sync="TRUE">0</attscale></attr><attr><attrlabl Sync="TRUE">keys_1000</attrlabl><attalias Sync="TRUE">keys_1000</attalias><attrtype Sync="TRUE">Integer</attrtype><attwidth Sync="TRUE">10</attwidth><atprecis Sync="TRUE">10</atprecis><attscale Sync="TRUE">0</attscale></attr><attr><attrlabl Sync="TRUE">keys_1000b</attrlabl><attalias Sync="TRUE">keys_1000b</attalias><attrtype Sync="TRUE">Integer</attrtype><attwidth Sync="TRUE">10</attwidth><atprecis Sync="TRUE">10</atprecis><attscale Sync="TRUE">0</attscale></attr><attr><attrlabl Sync="TRUE">nres_100</attrlabl><attalias Sync="TRUE">nres_100</attalias><attrtype Sync="TRUE">Integer</attrtype><attwidth Sync="TRUE">10</attwidth><atprecis Sync="TRUE">10</atprecis><attscale Sync="TRUE">0</attscale></attr><attr><attrlabl Sync="TRUE">nres_1000</attrlabl><attalias Sync="TRUE">nres_1000</attalias><attrtype Sync="TRUE">Integer</attrtype><attwidth Sync="TRUE">10</attwidth><atprecis Sync="TRUE">10</atprecis><attscale Sync="TRUE">0</attscale></attr><attr><attrlabl Sync="TRUE">nres_1000b</attrlabl><attalias Sync="TRUE">nres_1000b</attalias><attrtype Sync="TRUE">Integer</attrtype><attwidth Sync="TRUE">10</attwidth><atprecis Sync="TRUE">10</atprecis><attscale Sync="TRUE">0</attscale></attr><attr><attrlabl Sync="TRUE">bs_100</attrlabl><attalias Sync="TRUE">bs_100</attalias><attrtype Sync="TRUE">Integer</attrtype><attwidth Sync="TRUE">10</attwidth><atprecis Sync="TRUE">10</atprecis><attscale Sync="TRUE">0</attscale></attr><attr><attrlabl Sync="TRUE">bs_100b</attrlabl><attalias Sync="TRUE">bs_100b</attalias><attrtype Sync="TRUE">Integer</attrtype><attwidth Sync="TRUE">10</attwidth><atprecis Sync="TRUE">10</atprecis><attscale Sync="TRUE">0</attscale></attr><attr><attrlabl Sync="TRUE">bs_1000</attrlabl><attalias Sync="TRUE">bs_1000</attalias><attrtype Sync="TRUE">Integer</attrtype><attwidth Sync="TRUE">10</attwidth><atprecis Sync="TRUE">10</atprecis><attscale Sync="TRUE">0</attscale></attr><attr><attrlabl Sync="TRUE">bs_1000b</attrlabl><attalias Sync="TRUE">bs_1000b</attalias><attrtype Sync="TRUE">Integer</attrtype><attwidth Sync="TRUE">10</attwidth><atprecis Sync="TRUE">10</atprecis><attscale Sync="TRUE">0</attscale></attr><attr><attrlabl Sync="TRUE">shape</attrlabl><attalias Sync="TRUE">Shape</attalias><attrtype Sync="TRUE">Geometry</attrtype><attwidth Sync="TRUE">0</attwidth><atprecis Sync="TRUE">0</atprecis><attscale Sync="TRUE">0</attscale><attrdef Sync="TRUE">Feature geometry.</attrdef><attrdefs Sync="TRUE">Esri</attrdefs><attrdomv><udom Sync="TRUE">Coordinates defining the features.</udom></attrdomv></attr><attr><attrlabl Sync="TRUE">st_area_sh</attrlabl><attalias Sync="TRUE">st_area_sh</attalias><attrtype Sync="TRUE">Double</attrtype><attwidth Sync="TRUE">19</attwidth><atprecis Sync="TRUE">0</atprecis><attscale Sync="TRUE">0</attscale></attr><attr><attrlabl Sync="TRUE">st_perimet</attrlabl><attalias Sync="TRUE">st_perimet</attalias><attrtype Sync="TRUE">Double</attrtype><attwidth Sync="TRUE">19</attwidth><atprecis Sync="TRUE">0</atprecis><attscale Sync="TRUE">0</attscale></attr></detailed></eainfo><mdDateSt Sync="TRUE">20181108</mdDateSt></metadata>
